:020000040800F2
:103C0000804F00200591000859E4000865E4000891
:103C100071E400087DE4000889E400080000000069
:103C2000000000000000000000000000D1D20008E9
:103C300095E400080000000061D30008A5D3000847
:103C40004D91000897E400084D9100084D9100083F
:103C5000A9E40008ADE400084D9100084D9100086A
:103C60004D9100084D9100084D910008B1E4000805
:103C70004D9100084D9100084D9100084D910008AC
:103C80004D9100084D910008BDE40008C9E400080A
:103C9000D5E40008D9E40008DDE400084D910008EF
:103CA000E1E40008EDE40008F1E40008F5E40008B0
:103CB0004D910008F9E4000811E500084D91000855
:103CC0004D9100084D9100084D9100084D9100085C
:103CD0004D9100084D9100084D9100084D9100084C
:103CE0004D9100084D9100084D9100080000000022
:103CF00000000000000000000000000000000000C4
:0C3D000000000000000000005FF808F167
:103D100010B5054C237833B9044B13B10448AFF305
:103D200000800123237010BD7803002000000000F4
:103D300008EA000808B5034B1BB103490348AFF379
:103D4000008008BD000000007C03002008EA000895
:103D500080F0004002E000BF81F0004142001FBF40
:103D60005FEA410392EA030F7FEA226C7FEA236C49
:103D70006AD04FEA1262D2EB1363C1BFD21841403E
:103D800048404140B8BF5B42192B88BF704710F0D4
:103D9000004F40F4000020F07F4018BF404211F077
:103DA000004F41F4000121F07F4118BF494292EADF
:103DB000030F3FD0A2F1010241FA03FC10EB0C000B
:103DC000C3F1200301FA03F100F0004302D5494298
:103DD00060EB4000B0F5000F13D3B0F1807F06D345
:103DE00040084FEA310102F10102FE2A51D2B1F13D
:103DF000004F40EBC25008BF20F0010040EA030032
:103E00007047490040EB0000013A28BFB0F5000FB1
:103E1000EDD2B0FA80FCACF1080CB2EB0C0200FA67
:103E20000CF0AABF00EBC25052421843BCBFD040B6
:103E30001843704792F0000F81F4000106BF80F430
:103E400000000132013BB5E74FEA41037FEA226CF3
:103E500018BF7FEA236C21D092EA030F04D092F0BE
:103E6000000F08BF0846704790EA010F1CBF0020F2
:103E7000704712F07F4F04D1400028BF40F000404F
:103E8000704712F100723CBF00F50000704700F06F
:103E9000004343F0FE4040F4000070477FEA226296
:103EA00016BF08467FEA23630146420206BF5FEA67
:103EB000412390EA010F40F4800070474FF0000367
:103EC00004E000BF10F0004348BF40425FEA000C2E
:103ED00008BF704743F0964301464FF000001CE0D6
:103EE00050EA010208BF70474FF000030AE000BF2C
:103EF00050EA010208BF704711F0004302D540426A
:103F000061EB41015FEA010C02BF844601460020DB
:103F100043F0B64308BFA3F18053A3F50003BCFAF6
:103F20008CF2083AA3EBC25310DB01FA02FC6344A3
:103F300000FA02FCC2F12002BCF1004F20FA02F2AA
:103F400043EB020008BF20F00100704702F120029D
:103F500001FA02FCC2F1200250EA4C0021FA02F2FE
:103F600043EB020008BF20EADC7070474FF0FF0C03
:103F70001CEAD0521EBF1CEAD15392EA0C0F93EAFE
:103F80000C0F6FD01A4480EA010C400218BF5FEAA0
:103F900041211ED04FF0006343EA501043EA511113
:103FA000A0FB01310CF00040B1F5000F3EBF49000D
:103FB00041EAD3715B0040EA010062F17F02FD2A11
:103FC0001DD8B3F1004F40EBC25008BF20F00100F4
:103FD000704790F0000F0CF0004C08BF49024CEA0B
:103FE000502040EA51207F3AC2BFD2F1FF0340EA9D
:103FF000C250704740F400004FF00003013A5DDC0E
:1040000012F1190FDCBF00F000407047C2F100024E
:10401000410021FA02F1C2F1200200FA02FC5FEA3B
:10402000310040F1000053EA4C0308BF20EADC7085
:10403000704792F0000F00F0004C02BF400010F4F7
:10404000000F013AF9D040EA0C0093F0000F01F0A4
:10405000004C02BF490011F4000F013BF9D041EAC6
:104060000C018FE70CEAD15392EA0C0F18BF93EAC8
:104070000C0F0AD030F0004C18BF31F0004CD8D1F2
:1040800080EA010000F00040704790F0000F17BF79
:1040900090F0004F084691F0000F91F0004F14D0BF
:1040A00092EA0C0F01D142020FD193EA0C0F03D117
:1040B0004B0218BF084608D180EA010000F000401A
:1040C00040F0FE4040F40000704740F0FE4040F4F5
:1040D000400070474FF0FF0C1CEAD0521EBF1CEA94
:1040E000D15392EA0C0F93EA0C0F69D0A2EB0302B2
:1040F00080EA010C49024FEA402037D04FF080534C
:1041000043EA111143EA10130CF000408B4238BF10
:104110005B0042F17D024FF4000C8B4224BF5B1A1E
:1041200040EA0C00B3EB510F24BFA3EB510340EA6C
:104130005C00B3EB910F24BFA3EB910340EA9C001A
:10414000B3EBD10F24BFA3EBD10340EADC001B018A
:1041500018BF5FEA1C1CE0D1FD2A3FF650AF8B422E
:1041600040EBC25008BF20F0010070470CF0004C3B
:104170004CEA50207F32C2BFD2F1FF0340EAC25066
:10418000704740F400004FF00003013A37E792F027
:10419000000F00F0004C02BF400010F4000F013A85
:1041A000F9D040EA0C0093F0000F01F0004C02BF80
:1041B000490011F4000F013BF9D041EA0C0195E7E9
:1041C0000CEAD15392EA0C0F08D142027FF47DAF82
:1041D00093EA0C0F7FF470AF084676E793EA0C0F72
:1041E00004D14B023FF44CAF08466EE730F0004C70
:1041F00018BF31F0004CCAD130F000427FF45CAF00
:1042000031F000437FF43CAF5FE700BF4FF0FF3C6D
:1042100006E000BF4FF0010C02E000BF4FF0010CC0
:104220004DF804CD4FEA40024FEA41037FEA226C89
:1042300018BF7FEA236C11D001B052EA530C18BFAB
:1042400090EA010F58BFB2EB030088BFC81738BF10
:104250006FEAE17018BF40F0010070477FEA226CFE
:1042600002D15FEA402C05D17FEA236CE4D15FEAFA
:10427000412CE1D05DF8040B704700BF844608462E
:104280006146FFE70FB5FFF7C9FF002848BF10F1EF
:10429000000F0FBD4DF808EDFFF7F4FF0CBF012034
:1042A00000205DF808FB00BF4DF808EDFFF7EAFFBE
:1042B00034BF012000205DF808FB00BF4DF808ED79
:1042C000FFF7E0FF94BF012000205DF808FB00BF6E
:1042D0004DF808EDFFF7D2FF94BF012000205DF8F4
:1042E00008FB00BF4DF808EDFFF7C8FF34BF012001
:1042F00000205DF808FB00BF4FEA40024FEA41038F
:104300007FEA226C02D15FEA402C08D17FEA236C5D
:1043100002D15FEA412C02D14FF0000070474FF00C
:104320000100704742000ED2B2F1FE4F0BD34FF0A6
:104330009E03B3EB126209D44FEA002343F000431B
:1043400023FA02F070474FF00000704712F1610F3E
:1043500001D1420202D14FF0FF3070474FF0000010
:10436000704700BF2DE9F047054600241A4E56F865
:10437000047B29463846A2460134FFF79FFF30B33D
:10438000D6F8008028464146FFF78EFFF8B139463F
:104390002846FFF7E1FC394605464046FFF7DCFCBE
:1043A00001462846FFF796FEDFF83090054659F89B
:1043B0002A6059F824003146FFF7CEFC0146284612
:1043C000FFF7D4FD3146FFF7C9FCBDE8F0870A2CA2
:1043D000CDD10020F9E700BF4CEA000820EA000830
:1043E0002DE9F04FA24BA34A1B881268A24F9342BB
:1043F000A24EA34AA34DDFF89082A44C87B0C0F030
:10440000D58139688B424FF00003136000F2D781E9
:1044100033602B7088F800300A22954B1B8803EB21
:104420008303B3FBF2F39A4A13809A4A11689A4ABB
:104430008B42167894BF0020581A002E40F0058257
:104440000B44964909888B4201D801231370944B81
:104450001B78012B0ED06BB1924B1B78012B09D02E
:1044600043B1914B1B78012B04D0904B1B785A1E03
:10447000534253418E4ADFF83CB213708E4A9BF888
:10448000009092F800E08D4A2878167898F800207D
:10449000012E03D0012A01D0012802D10127884929
:1044A0000F7088490F78002F40F0EC81012B00F04D
:1044B000D6810022844E854F32703A780B70844B3F
:1044C000012A19780DD14A1E022A0AD8814A107889
:1044D000042802D01278062A03D100227E483A70BE
:1044E00002707C4A107888421CBF12781A707B4B8D
:1044F000D3F800A07A4B51461868FFF7D5FE8146E5
:10450000002800F0DC81DFF8DC912368D9F8002076
:10451000002A40F0BB81C9F80030734BD3F800A0EB
:10452000724B51461868FFF7DDFE8146002800F007
:10453000F981DFF8BC912368D9F80020002A40F007
:10454000E181C9F800305C4B1B78012B06D1694A28
:1045500023681168002940F00982136098F8003040
:10456000012B02D02B78012B01D100233370624B39
:10457000624D1B78DFF85481012B04BF002232709A
:104580002A78012A0AD14C4A98F8001012780A4376
:1045900004D151482A7001784A1C027058480278A8
:1045A000012A4D4A07D198F800100B4301BF11783A
:1045B00003704B1C1370534B12781B689A420AD13C
:1045C00001232F2154203B7003F0A2FCAF214FF4B4
:1045D000AA7003F031FC98F800300BB1002333705F
:1045E000364B1B78012B484B40F0E58100222B49CC
:1045F00032700888264909888842C0F0DC81186832
:104600002168002840F0BC811960264B93F8008097
:104610003E4B1A78424518BF83F80080364B1F780E
:10462000374B1A78BA4218BF1F70234B2A781B7871
:104630009A4218BF2B70B8F1010F4FF000056FD1EF
:10464000DFF8CCA0334B9AF800001B68DFF8C89065
:104650009842D9F800B080F0B181304B01308AF82F
:10466000000059461868FFF779FBC9F8000057E0C9
:104670002C010020C8000020C4000020F00300200E
:10468000F40300200A05002009050020FC04002096
:1046900000050020F0000020060500202E0100206B
:1046A00050010020310100200403002010050020EB
:1046B00030010020110500200B0500200C05002012
:1046C000EE030020ED03002032010020040500204D
:1046D000EC0300206205002005050020AC0400204A
:1046E00058000020E8030020A00400205C00002007
:1046F000E4030020E00300200D050020DD0300207E
:10470000DC030020E8000020D8030020D5030020AF
:10471000D4030020EC000020D0030020A8040020D7
:10472000AD4BDFF8B8A2D3F800B0AD4B58461968CE
:10473000DAF800900191FFF7B7FD002800F07481CE
:10474000002F40F07181B8F1010F019940F06C81A8
:104750000846FFF70BFC594680465846FFF706FC13
:1047600001464046FFF7F8FA4946FFF7F7FACAF85C
:104770000000FFF7D7FD9B4B1860984BD3F80090D3
:10478000994B48461968FFF7ADFD8046002800F0B8
:1047900083810123954A2F215320137003F0B8FB26
:1047A000AF2140F2531003F047FB82E11168236808
:1047B00051B913608E4B1A883B689A4243D93268CC
:1047C0002368FAB9336027E68A4A5B1A1268934273
:1047D0000BD901232F2150202B7003F099FBAF211F
:1047E0004FF4A87003F028FBE4E7002350202B705F
:1047F00003F0FAFA2F28DDD12E21502003F088FB98
:10480000AE21EDE79B1A7B4A126893420CD9012333
:104810002F21512088F8003003F07AFBAF2140F2BD
:10482000511003F009FBF7E50023512088F8003010
:1048300003F0DAFA2F287FF4EFAD2E21512003F098
:1048400067FBAE21EBE70023BCE7012E7FF4FFAD51
:10485000694B1B8883423FF6FAAD0023F6E5DFF88B
:104860009CC18CF800704EEA060E49EA0E0942EA35
:10487000090202437FF41DAE604A1278B2FA82F256
:10488000520917E6012B7FF414AEECE79B1A594A44
:10489000126893427FF641AE01234FF0000A2F21A8
:1048A00058208BF8003086F800A003F031FBAF21D0
:1048B0004FF4AC7003F0C0FAC9F800A02DE6504BDD
:1048C00050461968FFF7F0FC00283FF426AEDFF8E9
:1048D00034A12368DAF800209B1A464A12689342F2
:1048E0007FF61BAE484B582083F8009003F07CFA0B
:1048F0002F2803D12E21582003F00AFB0023CAF8E9
:1049000000300AE69B1A3B4A126893427FF61BAEC0
:1049100001233E4A2F2159201370337003F0F8FA17
:1049200000230EE650463A49FFF7DCFC00283FF42E
:104930000AAEDFF8E0A02368DAF8002012B9CAF85E
:10494000003000E69B1A2B4A126893427FF6FBADBB
:104950002E4B592083F8009003F046FA2F2803D1FC
:104960002E21592003F0D4FA0023E8E75B1A2A49E4
:1049700009688B427FF6F2AD002328490B70ECE505
:10498000091A1C48006881427FF63FAE2449562030
:104990000A7024491A600A6003F026FA2F287FF46F
:1049A00034AE2E21562003F0B3FAAE214FF4AB7093
:1049B00003F042FA29E600221A6026E6FFF782FA9F
:1049C00001465846FFF786FB054BC9F800501860B2
:1049D00000238AF80030A3E68C000020C8030020E2
:1049E000CC030020F0040020880000200D050020EA
:1049F0002C010020E00000202E010020EE0300200A
:104A000054000020E80300201105002010050020BC
:104A1000CDCCCCBDE4030020D40000200B05002049
:104A20000C050020F8040020164B22681B68B2FB1E
:104A3000F3F103FB1128B8F1000F7FF49EAE124B87
:104A4000DFF848B01868FFF739FA4946FFF78EFAE1
:104A50000F49FFF73FFBCBF800008246FFF762FCEF
:104A6000DFF830904FF07E51C9F800005046FFF754
:104A70001BFC00283FF481AECBF80050C9F8008041
:104A80007BE600BFEC000020D8000020C803002017
:104A90000000C842F004002000214846FFF7FAFB5E
:104AA000002800F01385012F40F01085A74B83F8F4
:104AB00000803378A64F012B00F015853B780BB9A9
:104AC00001233B7097F80080B8F1000F0AD0A14A8B
:104AD0001068002840F01385236813609E4A136015
:104AE0009E4A13609E4F3B78012B40F0BA85DFF859
:104AF0007492DFF87482D9F80020D8F80000A2F18F
:104B000014012268121A914218D8984A1188984ABA
:104B1000126891424FF00002C0F09185954B5520EC
:104B20001A7003F061F92F2808D12E21552003F0C7
:104B3000EFF9AE2140F2551003F07EF9D9F80020CC
:104B40002368D8F800100E3A5B1A9A4214D88A4BA0
:104B5000864A1B881288A3F57A73934200F27985FE
:104B60000023844A5520137003F03EF92F2803D107
:104B70002E21552003F0CCF940F202227F4B3678EB
:104B80001B68012E5A6340F0FD853A782368002A9D
:104B900040F095857A4A116841B91360724A022142
:104BA000136032463E70774805F00EFE764B1B6868
:104BB0000593764BD3F800B0754B1A78C2B9012231
:104BC0001A70744A744B12685D605A62059A5D618E
:104BD0005A639A634FF048529D61DD611D62C3F8CC
:104BE0003CB05A656D4B1D606D4B1D606D4B1D607B
:104BF0006D4B6E4F1B8818460493FFF75FF96C49A5
:104C00000290FFF767FA6B4B39681B680446019303
:104C1000694BD3F800804046FFF7A8F941460646A5
:104C20004FF07E50FFF798F80199FFF79FF9014682
:104C30003046FFF793F83860574F019B7E68204657
:104C400031463C60BB60FFF787F85C4BDFF8708152
:104C50001968FFF78BF93146FFF780F8002178607B
:104C6000FD600446FFF782F9564B81461B683861A8
:104C700000211846D8F800600393FFF71FFB0028B7
:104C800000F09185012387F8513000234E4987F8C1
:104C9000523009F10040FFF769F9F969FFF75EF852
:104CA0000136F861C8F80060454B1868002800F02C
:104CB0008085FFF703F901460020FFF70BFA434B0D
:104CC00038641868002800F07785FFF7F7F8404B44
:104CD00001461868FFF7FEF9786400210398FFF792
:104CE000EDFA40B1796B0020FFF7F4F90146786ADC
:104CF000FFF732F87862374B7E6AD3F80090364B74
:104D000049463046D3F800A0FFF7CEFA002840F01D
:104D1000568551463046FFF7E5FA00B156462F4B0F
:104D2000002118687E62FFF7D3FA002800F053854F
:104D30001C4F20463968FFF70FF800218046FFF727
:104D4000B3FA00284CD008F1004849E00D050020D6
:104D500007050020C4030020C0030020BC0300207E
:104D60000F050020E4000020F40400202E010020A4
:104D7000C00000200B05002000050020103F00208F
:104D8000B8030020000C014050000020100000205B
:104D9000B40300204C000020FC030020B0030020DE
:104DA000AC030020A80300202C010020A403002055
:104DB00000007A44A8040020080000202C000020F5
:104DC000A003002004000020DC69BA35980300200D
:104DD0009C030020F803002048000020440000202D
:104DE000AD4B41461868FFF773FA002800F0F384D2
:104DF000AA49AB4B0A681B68002A40F0E3840B60A9
:104E00003C600027DFF89C822046A74988F8507054
:104E1000FFF754FA002840F0E5842046A349FFF745
:104E200057FA002840F0E1842046FFF79BFAC8F8C3
:104E30002800E7B13146FEF78FFF9D4B1968FFF759
:104E400095F83146FEF78AFF064601464846FFF7C9
:104E500049FA002840F0CC8431465046FFF724FA46
:104E600000B1564601228F4B5E6283F85620914B6B
:104E7000D8F8246019680020C8F82C60FEF76CFF91
:104E800000218146FFF710FA002800F0B48409F1F0
:104E900000404FF07E51FFF725FA002837D0864BAF
:104EA00021461868FEF758FF00218046FFF7FCF9FD
:104EB000002800F0A38408F100408049FFF712FAAF
:104EC00028B349464046FFF705F900218046FFF721
:104ED000EBF908B108F1004840467949FFF702FABA
:104EE000A8B140467749FFF7DFF980B1DFF8B49108
:104EF0004046D9F83CA05146FEF72EFF724B196888
:104F0000FFF734F85146FEF729FFC9F83C006A4B19
:104F100059461C60674B1D60624BDD6B6B4B28462E
:104F2000D3F80080FFF7CAF9002840F06A84684B84
:104F30002846D3F800A05146FFF7CAF9002840F0F0
:104F4000648459462846FEF707FF4146814661487A
:104F5000FEF702FF01464846FFF708F8594681462A
:104F60005046FEF7F9FE01464846FFF7B3F8014602
:104F70005848FEF7F1FE8246574B41465046D3F85B
:104F80000090FFF791F9002840F0428451464846CE
:104F9000FFF78AF900B1CA46DFF808814D4950464B
:104FA000C8F830A0FFF796F80599FEF7DFFF4FF03D
:104FB0007E518146FFF778F908B14FF07E59002104
:104FC0000398C8F83490FFF779F9002800F023849B
:104FD00040493046FFF77EF84946FEF7C7FF0021FB
:104FE000FFF778F8C8F8480000210398FFF766F942
:104FF000002800F0138431463648FEF7ADFE3549EF
:10500000FFF768F84946FEF7B1FF344B81464FF091
:1050100000411868FEF7AAFF01464846FFF75AF814
:105020002F4BC8F84C0019682046FFF747F90028B5
:1050300040F0F78330462B49FFF740F9002840F055
:10504000F083234B4FF07D511868FEF78FFF014628
:105050002846FFF73DF9003818BF0120224B88F899
:10506000530019682046FFF729F9002840F0DB8338
:1050700030461E49FFF722F9003818BF01200023EF
:1050800088F8553098F8563088F85400012B14BF32
:10509000174C184C30E000BF400000209403002063
:1050A000FC040020FC030020CDCC3C4114AE4B415D
:1050B0001C000020AC030020B00300200AD7233CD2
:1050C0006F12833A9A99993E24000020180000201C
:1050D0000C0000200000C842140000202000002026
:1050E000380000200000A0413400002000002041D2
:1050F000000020420000824227B12046A549FEF769
:105100002DFE044659462846FFF7D8F8002800F03F
:105110008C832046A049FEF721FE00210446FFF7BC
:10512000C3F8002840F08E8320469C49FFF7DAF848
:1051300000B19A4C2046FFF7F5F888F85700DFF8E1
:105140006082D8F80040B4F5C87FC0F0B781DFF8BE
:1051500054A29AF80030002B40F08880924B0498BB
:105160001D68924F01351D60FEF7ACFE396806469A
:10517000FFF79AF808B1029B3B608D4F30463968C3
:10518000FFF7B0F808B1029B3B608A4F30463968A0
:10519000FEF7E4FD884B3860B3F8009006464846B9
:1051A000FEF790FEDFF814B20746DBF80010FFF7B9
:1051B0007BF820B14846FEF781FECBF80000DFF80F
:1051C00000B23846DBF80010FFF78CF820B14846F3
:1051D000FEF774FECBF80000DFF8E8913846D9F806
:1051E0000010FEF7BBFDC9F80000DFF8DC910746B0
:1051F000D9F800100198FFF757F810B1019BC9F8D2
:105200000030DFF8C8910198D9F80010FFF76AF86C
:1052100010B1019BC9F80030DFF8B4B10198DBF898
:105220000010FEF79BFD6B4BCBF800008146186821
:1052300001301860FEF742FE834601463046FEF715
:1052400049FF654B594618603846FEF743FF634BEC
:10525000594618604846FEF73DFF614B1860614BA8
:105260001B689D4224BF01238AF80030DFF878B123
:105270009BF80030002B40F0D78042F6E162B4FB8F
:10528000F2F302FB1343DFF86491594EDFF864A197
:10529000594FA3B959495A485A4AC9F80010CAF88F
:1052A00000100160584932600A603A600022574994
:1052B0000A6057490A6057490A60574A13600498C0
:1052C000FEF700FED9F800100546FEF7EDFF10B11D
:1052D000029BC9F8003028463168FFF703F808B18F
:1052E000029B3360494E28463168FEF737FD324B4A
:1052F0003060B3F8009005464846FEF7E3FDDAF863
:1053000000100646FEF7D0FF20B14846FEF7D6FD56
:10531000CAF8000030463968FEF7E4FF18B1484685
:10532000FEF7CCFD38603A4F30463968FEF716FD7F
:105330003860334F064639680198FEF7B5FF08B16B
:10534000019B3B60304F01983968FEF7CBFF08B1F5
:10535000019B3B602F4F01983968FEF7FFFC2E4AF6
:10536000386013688146581C1060FEF7A7FD074699
:1053700001462846FEF7AEFE284B394618603046F7
:10538000FEF7A8FE264B394618604846FEF7A2FEF7
:1053900048E000BF00002041000070410000B4421E
:1053A000FC04002003050020E80400202801002060
:1053B00024010020D80400202E010020200100201C
:1053C0001C010020D004002008010020040100205E
:1053D000B8040020E0040020DC040020D4040020F5
:1053E000BC040020F8000020020500201801002065
:1053F00014010020100100200C010020286B6E4ECB
:1054000000010020286B6ECEFC000020C8040020A4
:10541000C0040020B0040020E4040020CC040020DC
:10542000C4040020AE4B1860AE4B1B78012B94BF18
:10543000002301238BF8003042F6E063B4FBF3F263
:1054400003FB1244002C39D1A74BA8491B68032049
:105450000B60A74B1B684B60A64B1B688B60A64B71
:105460001B68CB60A54B1B680B61A54B1B684B6190
:10547000A44B1B688B61A44B1B68CB61A34B1B68BF
:105480000B62A34B1B684B62A24B1B688B62A24B47
:105490001B68CB62A14B1B680B63A14B1B684B6362
:1054A000A04B1B688B63A04B1B68CB639F4B1B6897
:1054B0000B648B4B1B684B6402F0D8FED8F80030AD
:1054C0000133C8F8003007B0BDE8F08F532002F078
:1054D0008BFC2F287FF4EDAA2E21532002F018FD1B
:1054E000AE21FFF75EB90023914A3B701360914AE9
:1054F0001360914A1360914A1370FFF7E3BAB8F151
:10550000020F3CD0B8F1030F69D0B8F1010F7FF45E
:10551000E9AA8B4B19888B4B1A8823681B1A8A4877
:105520000068834212D391423FF6DCAA2F21522019
:1055300002F0EEFCAF214FF4A97002F07DFC0223D3
:105540003B707E4B83F80080FFF7CCBA91427FF628
:10555000C9AA022300223B70784B52201A7002F035
:1055600043FC2F287FF4BEAA2E21522002F0D0FC4B
:10557000AE214FF4A97002F05FFCFFF7B3BA0A2224
:10558000724B6C481B88006803EB4303B3FBF2F3D8
:105590006C4A11882268121A6D48006882420DD345
:1055A0008B423FF79FAA2F215F2002F0B1FCAF2171
:1055B0004FF4A97002F040FC0323C1E78B427FF750
:1055C00091AA032300223B705C4B5F201A7002F00B
:1055D0000BFC2F287FF486AA2E215F20C6E7594BAB
:1055E000554819885B4B00681A6823681B1A5A488B
:1055F0000068834212D39142FFF474AA2F216020E5
:1056000002F086FCAF214FF4A97002F015FC4B4B61
:1056100083F8008004233B70FFF764BA9142BFF423
:1056200061AA042300223B70444B60201A7002F0F0
:10563000DBFB2F287FF456AA2E21602096E74749EE
:1056400055200B702F21327002F062FCAF21FFF762
:1056500071BA0123414A2F21137000233370FFF7E1
:1056600088BA022B7FF488AA1E4B197801297FF48F
:1056700083AA334B1A88334B1B889A42384A05D881
:10568000002338490B701360FFF776BA106823685F
:105690000028F8D0344A1B1A126893427FF66CAA8D
:1056A000304B5620197000232F21337002F030FC4C
:1056B000AF214FF4AB7002F0BFFBFFF75DBA012AD8
:1056C0007FF474AA294801685B1A294909688B424A
:1056D00050D30022022102603970FFF764BA00BF84
:1056E000B4040020080500202801002054040020F4
:1056F00024010020DC040020200100201C010020E7
:10570000D40400200801002004010020BC04002073
:105710001801002014010020CC04002010010020FA
:105720000C010020C404002000010020FC00002027
:10573000C4030020C0030020BC0300200E0500208D
:10574000000500202E010020D00000202C010020A8
:10575000A8000020CC000020AC0000200B05002099
:10576000F80400200C050020E0000020B803002011
:10577000E400002001398B42FFF418AA4FF4806145
:10578000FFF711BA002E7FF411AA2F4B32461E608C
:105790002E4B02211E602E4B2E483E701E6005F0DF
:1057A00013F83246EAE787F8510087F85200FFF70E
:1057B0007BBA0020FFF783BA0020FFF78DBA4E4670
:1057C000FFF7ADBA9B1A244A12689342FFF419AB53
:1057D0000127FFF717BB0022204B1A60204B1C60EB
:1057E000FFF70FBB0020FFF722BB1E48FFF71FBBD0
:1057F0004E46FFF737BB4846FFF74BBB4046FFF727
:105800005CBBDFF860A0FFF7B7BBC246FFF7B4BBD5
:10581000C246FFF7C1BB0020FFF7E4BB0020FFF743
:10582000FFBB01201AE4012029E40F4B2846196828
:10583000FEF74EFD00283FF477AC20460B49FEF7FB
:105840008BFA6AE4002475E4F8040020B803002011
:10585000F4040020000C01403C00002094030020D0
:10586000A80300200000C8420C00002000002041D6
:10587000F8B540F2C17200234FF49665084C094E0A
:10588000C4E90023C4E90233074F206133463A4696
:105890002146064804F064F908B1013DF6D1F8BD8F
:1058A0007C0500202405002094050020E03B00201A
:1058B000FE22064B1A700022587008209A70DA7087
:1058C0001A715A719A71DA71FFF7D2BF94050020EC
:1058D0002DE9F74FDFF8C482B14F98F800203B68FC
:1058E000022AB04C40F0A481AF4A1278002A40F05E
:1058F0009F81AE4AAE492BB1C820B3FBF0F500FB47
:1059000015331BB110780B7898423DD00B78A9481D
:105910001370A94A9B00117803F004030E298CBF71
:1059200000211178A54D9CBF0131C9B211701278C8
:10593000617802F01F020A43A17842F0A0020B43F3
:1059400043F002036270A37001A943EA022301221B
:10595000019304F04FFB03232B6151234FF4966610
:10596000DFF85C92DFF83CA220702B604B46524679
:105970002946944804F0F4F808B1013EF6D100231A
:10598000236063602B612B6028223B68B3FBF2F13C
:1059900002FB1133002B40F0D2808B4B1B785B064F
:1059A00040F1CD80894D854E6B694FF49669236037
:1059B000AB69DFF80CA263600823336140F2F16346
:1059C000DFF8E0B1336053465A4631467D4804F073
:1059D000C7F810B1B9F10109F5D16B6A4FF49669B6
:1059E0002360AB6ADFF8D8A163600823336140F21B
:1059F000F263DFF8B0B17149336053465A467148DB
:105A000004F0AEF818B1B9F101096C49F5D1EB6AAF
:105A10004FF4966923602B6BDFF8A4A16360082321
:105A2000336140F2F363DFF87CB16449336053467D
:105A30005A46644804F094F818B1B9F101095F4975
:105A4000F5D16B6B4FF496692360EB6BDFF870A1B7
:105A500063600823336140F2F463DFF848B15749CB
:105A6000336053465A46574804F07AF818B1B9F1F2
:105A700001095249F5D12B6C4FF4966923606B6C88
:105A8000DFF83CA163600823336140F2F563DFF87F
:105A900014B14A49336053465A464A4804F060F804
:105AA00018B1B9F101094549F5D1AB6C4FF49669CC
:105AB0002360EB6CDFF808A163600823336140F2D8
:105AC000F663DFF8E0B03D49336053465A463D483F
:105AD00004F046F818B1B9F101093849F5D195F843
:105AE0005030DFF8C090237095F85130DFF8CCA02B
:105AF000637095F85230A37095F85330E37095F8C1
:105B00005430237195F85530637195F85630A37170
:105B100095F857304FF49665E3710823336140F2EE
:105B2000F7633360264E33464A465146254804F013
:105B300017F808B1013DF6D10023236063603B688C
:105B400023B1214E33785A0600F1A78014213B6817
:105B5000B3FBF1F201FB1232002A69D1002B67D0AE
:105B60004FF4FA421A4B1B491B88144DC3EB032315
:105B7000B3FBF2F32370184B4FF496661B88DFF8E3
:105B80004090C3EB0323B3FBF2F34CF2503263704B
:105B9000124BDFF810A01B6822E000BF3401002088
:105BA000280500206B050020ED05002012050020CF
:105BB00006050020443C0020610500202C05002043
:105BC00024050020E03B00207B050020FC03002092
:105BD0002C01002000007F432E010020EC04002057
:105BE000C3EB0323B3FBF2F3A370774B1868FEF704
:105BF000BDF97649FEF76EFAFEF794FB744BFF2869
:105C00001B7828BFFF20237105232B614FF4D86335
:105C1000E0702B604B46524629466E4803F0A0FFC9
:105C200008B1013EF6D10023236063602B612B6035
:105C3000694B6A491A686A4D0132B2F5167F1A60DB
:105C400028BF01223B6828BF88F8002001333B6051
:105C50000B6801330B602968C82B01F10101296031
:105C600040F299802F215A2002F052F92B68C82B5C
:105C700040F299802F215D2002F04AF9594B1B68B0
:105C8000322B40F298802F215B2002F041F9002353
:105C90002360636003B0BDE8F08F534B534D1B8806
:105CA0004FF4966923701B0A6370514BDFF844A1CF
:105CB0001B88DFF844B1A3701B0AE3704F4B1B68CD
:105CC000636008232B6140F2EF632B6053465A4612
:105CD0002946404803F044FF10B1B9F10109F5D15C
:105CE0000023236063602B612B603B68002B3FF433
:105CF0002DAF33785B067FF529AF334B4FF49669B0
:105D00001B68DFF8F0A023603D4BDFF8ECB01B68A8
:105D10003649636008232B6140F2EE632B605346E3
:105D20005A462C4803F01CFF18B1B9F101092F495C
:105D3000F5D10023236063602B612B603B68002B4F
:105D40003FF404AF33785E067FF500AF2D4B4FF480
:105D500096661B68DFF89C901A0A237062701A0C12
:105D60001B0EE37004232B614FF4DE63DFF888A081
:105D7000DFF878B0A2702B604B4652465946154862
:105D800003F0EEFE08B1013EF6D10023236063600C
:105D90002B612B60DAE65A2002F026F82F287FF4D8
:105DA00065AF2E215FE75D2002F01EF82F287FF4FB
:105DB00065AF2E215FE75B2002F016F82F287FF4F5
:105DC00066AF2E2160E700BFAC0400200000114345
:105DD00020060020E03B0020200500201C050020BC
:105DE00018050020140500202C0100202C0500209F
:105DF0002E010020240500206B050020A8040020AF
:105E00009C040020F004002038B51B4C1B4D22469A
:105E10002B46012103F0F6FE40F2027322689A42FB
:105E20001ED1174B1A6022691A612A78022A0AD1F8
:105E30006B783E2B07D1AB782BB912490B70124906
:105E40000A70124A13600D490D4801F001FA38B981
:105E50000F4A2B6813606B68536001220D4B1A7058
:105E60000022C4E9022222616260A26122606261B2
:105E70002A606A6038BD00BF440500207305002019
:105E8000B405002063050020340100202005002017
:105E9000F60500200D0600202DE9F843BB4DBC4C53
:105EA0002A462346002103F0ADFE2A68B2F5DA6FD8
:105EB0002BD12178B74B1970A1790E2901D90F2167
:105EC0001970B5490B78022B40F08281AB68002B2A
:105ED00040F07E81B2F5F86F40F07A81297C22781B
:105EE000002900F0FD80F43A0B2A00F24D81DFE832
:105EF00012F00301BB00A1002B004D004B01430138
:105F000036014B0199008200690040F202239A4257
:105F1000D7D12368A14903F03F000870A049C3F31B
:105F2000831008709F49C3F3842008709E49C3F30F
:105F3000C43008709D49C3F3055008709C499B0EFE
:105F40000B7021799B4BBBE7042903D82220FFF774
:105F5000AFFCC5E09848D4F80120D0F8013097494B
:105F60001BBA83F0A53312BA01EBF36393420BD152
:105F70000022FF21924B027019705A709A70DA70E9
:105F80001A715A719A71F5E02520E0E703F0FEF8E6
:105F90008C4B894A43401E0EC3F30740C3F30721CD
:105FA000DBB2137156709070D170854AFF27137160
:105FB0000023177056709070D17053719371D37124
:105FC00008208BE040F201127F4B80211A80FF22D3
:105FD0007B4B08201A709970012200215A70597168
:105FE000D87018719A71DA71FFF742FC2F21612085
:105FF00001F08EFF74E00022FF21734B08201A800D
:106000006F4B19705A709A70DA701A715A719A71CE
:10601000DA71FFF72DFC612001F0E6FE2F285FD139
:106020002E21E4E7FF22664B1A70674A52785A70B5
:106030000022A3E7062989D96349A378D4F803206D
:106040008B704A60002B81D1B2F1005FFFF47EAF0C
:106050005E498A423FF47AAFFF21594A117053706A
:106060009370D3701371A8E7012967783FF46EAF7E
:10607000514A1278002A87D17A1E062A3FF666AF67
:10608000DFF8448198F80220002A7FF45FAFD8F847
:106090000460B6F1005FFFF459AFC6F1005202F59B
:1060A000A04297423FF652AF454AFF211046117079
:1060B000F15C013302F8011FD9B2B942F8D307F1FC
:1060C00001095FFA89F9C7F107020021D2B24844F9
:1060D00008F000FB48463E44C8F80460FFF7C8FBE0
:1060E0000023C5E902332B616B60AB612B606B61F0
:1060F00023606360BDE8F883072962787FF626AFE6
:106100002D49097800297FF43FAF511E06293FF63B
:106110001DAFE17800297FF419AF6668B6F1005F22
:10612000FFF414AFC6F1005101F5A0418A423FF6D9
:106130000DAFFF20224908700846F75C013301F8D3
:10614000017FDFB2BA42F8D8561CF6B2C2F107029C
:106150000021D2B2304408F0BDFA3046BEE7FF223B
:10616000174B1A7000225A709A70DA701A715A71AD
:106170009A711022DA7123E701293FF4E7AEFF227A
:106180000F4B1A70012252E72020E0E64405002060
:106190007305002033010020340100206A0500202F
:1061A00069050020680500206705002066050020BD
:1061B0006505002064050020A4050020682457130D
:1061C000940500205A5AA5A59C05002000500020E7
:1061D00040F2FF339A420ED12378424A13F0600F07
:1061E00013703FF47DAF00233F4A137002220A7000
:1061F0003E4A136074E7972A0CD100223C4B1A6088
:106200003C4B22781A701B78062B55D92F215E2023
:1062100001F07EFE2B68502B7FF462AF0022364BDC
:1062200066781A6033460822A17806F01F005FB234
:10623000002F4FEA4303DBB245DB013A12F0FF02C5
:10624000F5D108224B405FB2002F4FEA4303DBB287
:106250003CDB013A12F0FF02F5D1284F3A780132C7
:1062600002F01F02904234D0013202F01F02A2EB72
:10627000000CDCF1000242EB0C0294F800C09C45DB
:10628000DFF87CC027D1CB0003F0180343EA561394
:10629000162B20D1FAB11B4BC1F3800119700023DA
:1062A0003870CCF800305C2001F09EFD2F287FF480
:1062B00017AF2E215C209BE65E2001F095FD2F2874
:1062C000A8D12E21A3E783F00703B6E783F00703E5
:1062D000BFE70122D1E7DCF8003038700133CCF899
:1062E0000030E0E77B05002063050020200500204A
:1062F00018050020620500201C0500206005002014
:106300001405002031010020F8B507460E4602F0C2
:106310003DFF0546154C02F039FF2369401B9842AA
:1063200001D3002016E02378002BF4D00023237043
:10633000A37813F00F0310D194F90420E378002A16
:106340003B70237904DA0F33DBB2082B03D8012327
:1063500001203370F8BDA37AFAE7012B03D102F0D4
:1063600015FF0546D7E74FF0FF30F3E7580100204F
:106370002DE9F0411446142207468AB09DF840806A
:106380000D460DEB020000211E4608F0A3F904970C
:10639000B8F1000F0DD0082231460DEB020008F0D5
:1063A00099F922462946082402A808F0C5F90DEB00
:1063B00004050894054C2A46204601AB04A903F0C5
:1063C000CFFB0028F7D10AB0BDE8F081E03B002008
:1063D000054A80F0A53302FB0131044B00BA0B449F
:1063E00080EA7370704700BF795B3D1F68245713C4
:1063F00010B500680C4600BA1146FFF7E9FF030E1E
:106400002370030C6370030AA370E07010BD0000DA
:1064100070B51546064688B00C461422002103A824
:1064200008F058F90695064D02962246284601AB1B
:1064300002A903F095FB0028F7D108B070BD00BF9A
:10644000E03B00200023502010B50D4A0D4952F8C2
:10645000044B0CB941F823000133092BF7D1042078
:10646000084901F003FF0123074908220B70442368
:106470004B70064BBDE8104018680130FFF7C8BFED
:10648000BC010020E0010020EE050020B405002042
:1064900038B5104D104C2B781049043323706B78AD
:1064A0000A6940336370AB780868A370EB780130F9
:1064B000E3700B4B21461B6863600A4B1A61D2B232
:1064C0001860FFF7A5FF0023236063602B606B60FB
:1064D00038BD00BFFE050020EE050020B4050020F9
:1064E00028010020D005002038B5104D104C2B7825
:1064F0001049043323706B780A6940336370AB78BA
:106500000868A370EB780130E3700B4B21461B68E1
:1065100063600A4B1A61D2B21860FFF779FF00235B
:10652000236063602B606B6038BD00BFFE050020F8
:10653000EE050020B405002024010020D005002035
:1065400038B5104D104C2B781049043323706B78FC
:106550000A6940336370AB780868A370EB78013048
:10656000E3700B4B21461B6863600A4B1A61D2B281
:106570001860FFF74DFF0023236063602B606B60A2
:1065800038BD00BFFE050020EE050020B405002048
:10659000DC040020D005002038B5104D104C2B78BD
:1065A0001049043323706B780A6940336370AB7809
:1065B0000868A370EB780130E3700B4B21461B6831
:1065C00063600A4B1A61D2B21860FFF721FF002303
:1065D000236063602B606B6038BD00BFFE05002048
:1065E000EE050020B405002020010020D005002089
:1065F00038B5104D104C2B781049043323706B784C
:106600000A6940336370AB780868A370EB78013097
:10661000E3700B4B21461B6863600A4B1A61D2B2D0
:106620001860FFF7F5FE0023236063602B606B604A
:1066300038BD00BFFE050020EE050020B405002097
:106640001C010020D005002038B5104D104C2B78CF
:106650001049043323706B780A6940336370AB7858
:106660000868A370EB780130E3700B4B21461B6880
:1066700063600A4B1A61D2B21860FFF7C9FE0023AB
:10668000236063602B606B6038BD00BFFE05002097
:10669000EE050020B4050020D4040020D005002021
:1066A00038B5104D104C2B781049043323706B789B
:1066B0000A6940336370AB780868A370EB780130E7
:1066C000E3700B4B21461B6863600A4B1A61D2B220
:1066D0001860FFF79DFE0023236063602B606B60F2
:1066E00038BD00BFFE050020EE050020B4050020E7
:1066F00008010020D005002038B5104D104C2B7833
:106700001049043323706B780A6940336370AB78A7
:106710000868A370EB780130E3700B4B21461B68CF
:1067200063600A4B1A61D2B21860FFF771FE002352
:10673000236063602B606B6038BD00BFFE050020E6
:10674000EE050020B405002004010020D005002043
:1067500038B5104D104C2B781049043323706B78EA
:106760000A6940336370AB780868A370EB78013036
:10677000E3700B4B21461B6863600A4B1A61D2B26F
:106780001860FFF745FE0023236063602B606B6099
:1067900038BD00BFFE050020EE050020B405002036
:1067A000BC040020D005002038B5104D104C2B78CB
:1067B0001049043323706B780A6940336370AB78F7
:1067C0000868A370EB780130E3700B4B21461B681F
:1067D00063600A4B1A61D2B21860FFF719FE0023FA
:1067E000236063602B606B6038BD00BFFE05002036
:1067F000EE050020B405002018010020D00500207F
:1068000038B5104D104C2B781049043323706B7839
:106810000A6940336370AB780868A370EB78013085
:10682000E3700B4B21461B6863600A4B1A61D2B2BE
:106830001860FFF7EDFD0023236063602B606B6041
:1068400038BD00BFFE050020EE050020B405002085
:1068500014010020D005002038B5104D104C2B78C5
:106860001049043323706B780A6940336370AB7846
:106870000868A370EB780130E3700B4B21461B686E
:1068800063600A4B1A61D2B21860FFF7C1FD0023A2
:10689000236063602B606B6038BD00BFFE05002085
:1068A000EE050020B4050020CC040020D005002017
:1068B00038B5104D104C2B781049043323706B7889
:1068C0000A6940336370AB780868A370EB780130D5
:1068D000E3700B4B21461B6863600A4B1A61D2B20E
:1068E0001860FFF795FD0023236063602B606B60E9
:1068F00038BD00BFFE050020EE050020B4050020D5
:1069000010010020D005002038B5104D104C2B7818
:106910001049043323706B780A6940336370AB7895
:106920000868A370EB780130E3700B4B21461B68BD
:1069300063600A4B1A61D2B21860FFF769FD002349
:10694000236063602B606B6038BD00BFFE050020D4
:10695000EE050020B40500200C010020D005002029
:1069600038B5104D104C2B781049043323706B78D8
:106970000A6940336370AB780868A370EB78013024
:10698000E3700B4B21461B6863600A4B1A61D2B25D
:106990001860FFF73DFD0023236063602B606B6090
:1069A00038BD00BFFE050020EE050020B405002024
:1069B000C4040020D005002038B5104D104C2B78B1
:1069C0001049043323706B780A6940336370AB78E5
:1069D0000868A370EB780130E3700B4B21461B680D
:1069E00063600A4B1A61D2B21860FFF711FD0023F1
:1069F000236063602B606B6038BD00BFFE05002024
:106A0000EE050020B405002000010020D005002084
:106A100038B5104D104C2B781049043323706B7827
:106A20000A6940336370AB780868A370EB78013073
:106A3000E3700B4B21461B6863600A4B1A61D2B2AC
:106A40001860FFF7E5FC0023236063602B606B6038
:106A500038BD00BFFE050020EE050020B405002073
:106A6000FC000020D005002038B5104D104C2B78CC
:106A70001049043323706B780A6940336370AB7834
:106A80000868A370EB780130E3700B4B21461B685C
:106A900063600A4B1A61D2B21860FFF7B9FC002399
:106AA000236063602B606B6038BD00BFFE05002073
:106AB000EE050020B4050020B4040020D00500201D
:106AC00038B5134D134C2B781349013323706B7871
:106AD0000A6940336370AB780868A370EB780130C3
:106AE000E3700E4B21461B7823716B796371AB7990
:106AF000A371EB79E3710A4B1A61D2B21860FFF708
:106B000087FC0023236063602B606B6038BD00BF8F
:106B1000FE050020EE050020B4050020060600203A
:106B2000D005002038B5124D124C2B781249013394
:106B300023706B780A6940336370AB780868A37080
:106B4000EB780130E370012323716B792146637187
:106B5000AB79A371EB79E371084B1A61D2B218607B
:106B6000FFF756FC0023236063602B606B6038BD29
:106B7000FE050020EE050020B4050020D005002011
:106B800038B5134D134C2B781349013323706B78B0
:106B90000A6940336370AB780868A370EB78013002
:106BA000E3700E4B21461B6823716B796371AB79DF
:106BB000A371EB79E3710A4B1A61D2B21860FFF747
:106BC00027FC0023236063602B606B6038BD00BF2F
:106BD000FE050020EE050020B4050020C04F002077
:106BE000D0050020F8B5002502F0D0FA194E1A4B56
:106BF00096F802C0194A83F800C0194B194C1D7051
:106C0000194B84F802C04340C3F30740C3F3072184
:106C10001F0EDBB250709170D370177032786171B3
:106C200004322270727811494032627020710A6910
:106C30000868A3710E4B01301A612146D2B2E77089
:106C4000E5711860FFF7E4FB2560656035607560ED
:106C5000F8BD00BFFE050020070600200806002042
:106C600006060020EE0500205A5AA5A5B40500200E
:106C7000D00500202DE9F341224B234D1A782348FB
:106C800001A9EC7895F804806F79AE79FFF7B0FB35
:106C90009DF804206B78A2421D4C2DD19DF8052053
:106CA000424529D19DF80620BA4225D19DF80720FA
:106CB000B24221D10121174A4033117002222270C1
:106CC00000226370AB7800261349A3700868134B49
:106CD000E2700A6901301A610D49D2B226716671FB
:106CE000A671E6711860FFF793FB266066602E6060
:106CF0006E6002B0BDE8F081032222707F226270D4
:106D00003522E0E707060020FE05002008060020E7
:106D1000EE05002006060020B4050020D005002066
:106D200003232DE9F0412C4C2C4D23707F236370FD
:106D30006B78DFF8AC80A3707823E3702B79D8F8F8
:106D4000102023716B79274F6371AB79D8F800005D
:106D5000A371EB793A610130D2B22146E371386018
:106D60001426FFF755FB50221F4B013E16F0FF067D
:106D700043F8042BF9D14FF4F07231461B4807F069
:106D8000A9FC0120184901F071FA0220174901F00D
:106D90006DFA2B78D8F8102023706B78D8F80000A3
:106DA00040336370AB783A61A370EB780130E370E5
:106DB0002B79094923716B79D2B26371AB79386051
:106DC000A371EB79E371FFF723FB266066602E6009
:106DD0006E60BDE8F08100BFEE050020FE050020DA
:106DE000B4050020D00500206C0100202206002000
:106DF00038B5134D134CEA782B78E2702A7923705A
:106E000022716A796B786271AA794033A271EA794A
:106E10000D496370E271AB780C4A08681370A37077
:106E20000A690B4B01301A612146D2B21860FFF794
:106E3000EFFA0023236063602B606B6038BD00BFF6
:106E4000FE050020EE050020B4050020ED05002021
:106E5000D005002038B5134D134CEA782B78E2703A
:106E60002A79237022716A796B786271AA7940332A
:106E7000A271EA790D496370E271AB780C4A086837
:106E80001370A3700A690B4B01301A612146D2B20C
:106E90001860FFF7BDFA0023236063602B606B600E
:106EA00038BD00BFFE050020EE050020B40500201F
:106EB000EC050020D005002038B5144D144C2B787B
:106EC000013323706B7840336370AB78A370EB7839
:106ED000E370104B1868FDF725FA6B790E49637162
:106EE000AB790A69A371EB792071E37108680B4BE8
:106EF00001301A612146D2B21860FFF789FA0023E7
:106F0000236063602B606B6038BD00BFFE0500200E
:106F1000EE050020843C0020B4050020D0050020B0
:106F200038B5134D134C2B781349023323706B780B
:106F30000A6940336370AB780868A370EB7801305E
:106F4000E3700E4B21461B7823710D4B1B78637148
:106F5000AB79A371EB79E3710A4B1A61D2B2186075
:106F6000FFF756FA0023236063602B606B6038BD27
:106F7000FE050020EE050020B4050020D54F0020BE
:106F8000D44F0020D005002038B5134D134C2B787A
:106F90001349043323706B78086840336370AB780F
:106FA0000130A370EB78E3700E4B1B681A0A237153
:106FB00062711A0C1B0EA271E3710A690A4B214619
:106FC0001A61D2B21860FFF723FA002323606360CE
:106FD0002B606B6038BD00BFFE050020EE05002071
:106FE000B4050020C44F0020D005002038B5134D53
:106FF000134C2B781349043323706B7808684033A3
:107000006370AB780130A370EB78E3700E4B1B68B4
:107010001A0A237162711A0C1B0EA271E3710A69BC
:107020000A4B21461A61D2B21860FFF7F1F900232A
:10703000236063602B606B6038BD00BFFE050020DD
:10704000EE050020B4050020D04F0020D005002020
:1070500038B5134D134C2B781349043323706B78D8
:10706000086840336370AB780130A370EB78E3704D
:107070000E4B1B681A0A237162711A0C1B0EA27147
:10708000E3710A690A4B21461A61D2B21860FFF710
:10709000BFF90023236063602B606B6038BD00BFC5
:1070A000FE050020EE050020B4050020CC4F002096
:1070B000D005002038B5124D124C2B7812492370A0
:1070C0006B780A6940336370AB780868A370EB781B
:1070D0000130E3702B79214623716B796371AB79B1
:1070E000A371EB79E371094B1A61D2B21860FFF713
:1070F0008FF90023236063602B606B6038BD00BF95
:10710000FE050020EE050020B4050020D00500207B
:1071100038B5134D134CEA782B78E2702A79237036
:1071200022716A796B786271AA794033A271EA7927
:107130000D496370E271AB780C4A08681360A37064
:107140000A690B4B01301A612146D2B21860FFF771
:107150005FF90023236063602B606B6038BD00BF64
:10716000FE050020EE050020B4050020C04F0020E1
:10717000D005002038B5174D174CE9796A791748C2
:10718000E171174962710A7002690068154901309E
:107190000A61086041F288312B78D2B223706B7893
:1071A00040336370AB78A370EB78E3702B79237175
:1071B000AB79A3714B430521B3FBF1F30A490B6093
:1071C0002146FFF725F90023236063602B606B6085
:1071D00038BD00BFFE050020EE050020B4050020EC
:1071E00050010020D0050020B005002038B5134D17
:1071F000134C2B781349013323706B780A694033A1
:107200006370AB780868A370EB780130E3700E4BC5
:1072100021461B7823716B796371AB79A371EB798C
:10722000E3710A4B1A61D2B21860FFF7F1F800233C
:10723000236063602B606B6038BD00BFFE050020DB
:10724000EE050020B405002006050020D005002032
:107250000022134B30B51A605A60124B04461A6074
:107260005A60114B5D7805F0FF00ADB1A068A0B980
:107270002468DA6894420FD10A7802F0F002302ACA
:107280000AD11A783AB90A68C3F802204A68C3F8E2
:10729000062001221A70012030BD1046FCE700BF15
:1072A000EE050020FE050020580100202DE9F04FDA
:1072B0000125584F89B0072A884616469DF848A0F0
:1072C000029300F101093D70D4B216D80DF11900F6
:1072D0008DF8184007F030FA6219029B4846CDF845
:1072E00000A0D2B206A9FFF743F80023B0FA80F05D
:1072F0003B70400909B0BDE8F08F4FF0000BC2F3BE
:10730000032242F010028DF818200A688DF8194007
:10731000CDF81A20404C8A886570E060ADF81E20D8
:1073200084F800B008224846CDF800A006A9FFF76F
:107330001FF828B184F801B087F800B00020D9E721
:10734000A27A8DF8160003900DF117010DF11600C9
:107350008DF81720FEF7D8FF0028039B02DC63702E
:107360003B70EBE74FF0060B9DF816409DF816308A
:107370007BB174B90DF117010DF11600FEF7C4FFD2
:10738000002804DC244B5C70224B1C70D6E79DF86F
:107390001640A6EB0B07072F28BF072745F0200351
:1073A000072202990DF119008DF8183007F092F9B3
:1073B0003A4608EB0B010DF1190007F0BDF97A1CF4
:1073C0004846029BCDF800A0D2B206A9FEF7D0FF36
:1073D00028B10023104A53700E4A1370AEE79DF88F
:1073E00016305F4401351FFA87FB05F00F0513B116
:1073F0000CB1013CE4B29DF8170008B101F0CCFEDD
:107400005E45B3D80023044A01205370014A13702B
:1074100070E700BF0C06002058010020712330B532
:1074200000250F4C99B08DF80C30A37848228DF8C8
:107430000D30E3780B498DF80E30237904A88DF8D0
:107440000F3007F079F9084800952B464C2203A924
:107450000068FFF72BFF2560656019B030BD00BFE5
:10746000FE05002054040020B40500204323002121
:107470000122F0B5124893B0124D8DF8083050F843
:10748000043B502B0FD0531C55F82140DBB202F1C6
:10749000480648336E44270A02326B4406F8407CA3
:1074A000D2B203F8404C01310929E8D10023064843
:1074B000009302A90068FFF7F9FE13B0F0BD00BF0A
:1074C000E0010020CCEA0008B40500204723002199
:1074D0000122F0B5124893B0124D8DF8083050F8E3
:1074E000043B502B0FD0531C55F82140DBB202F166
:1074F000480648336E44270A02326B4406F8407C43
:10750000D2B203F8404C01310929E8D100230648E2
:10751000009302A90068FFF7C9FE13B0F0BD00BFD9
:10752000E0010020CCEA0008B40500204A23F0B5B1
:1075300093B08DF80830012200231448144D154EE5
:1075400050F8041BAF2914D155F82310012910D18C
:10755000511C56F82340C9B202F1480748316F4424
:107560004FEA142C0232694407F840CCD2B201F839
:10757000404C0133092BE3D100230748009302A9B3
:107580000068FFF793FE13B0F0BD00BFE0010020DC
:10759000BC010020CCEA0008B405002040F25943A9
:1075A0002DE9F041002002221827ADF5227D1D4D66
:1075B0001D4EDFF878C002A90B8055F8043B502B14
:1075C0001BD056F82040230C8B54531C4FEA142E2A
:1075D0009BB201F803E0931C9BB2CC5407FB00C4A0
:1075E000D31C9BB20B4404F1180E54F8048B744561
:1075F00043F8048BF9D11B3292B201301428DCD14C
:1076000001230B48009300685523FFF74FFE00232A
:10761000084A13605360084A136053600DF5227DD9
:10762000BDE8F0816C0100207CEA00082206002001
:10763000B4050020FE050020EE050020F0B51B4D2E
:107640009DB06B78EA7840338DF80C30AB788DF8CC
:107650000E208DF80D3003220023154C154F54F8E1
:10766000046B502E10D057F8230002F170016944CA
:1076700001F8646C060C01F8636C0432060A01F828
:10768000626C01F8610C92B20133142BE7D1002433
:1076900009480094234603A90068FFF707FE074B3B
:1076A0002C601C605C606C601DB0F0BDFE050020AD
:1076B0006C0100207CEA0008B4050020EE050020E3
:1076C000F8B50323214C224D23707F2363706B7820
:1076D000204FA3707823E3702B791F4E23716B79B1
:1076E0003A696371AB793868A371EB7921463261ED
:1076F0000130D2B2E3713060FEF78AFE00F06AFE1C
:10770000EA782B78E2702A79237022716A796B7893
:107710006271AA794033A271EA796370E271AB7841
:107720000E4A386813603A69214632610130D2B29C
:10773000A3703060FEF76CFE012001F02DFDBDE866
:10774000F8400021084601F0B1BC00BFEE05002062
:10775000FE050020B4050020D0050020C04F002009
:10776000032370B50D4C002523707F2304220C4E9B
:107770000C4963707378E0700868A3700A4B01309D
:10778000214625716571A571E5711A611860FEF7D2
:107790003FFE256065603560756070BDEE050020B8
:1077A000FE050020B4050020D005002030B52A4C8D
:1077B00093B0A378042B28D00A2B37D0022B45D1C5
:1077C00040F24923ADF8083001238DF80A30234BED
:1077D0000DF10B0203F1100153F8040B8B4242F838
:1077E000040BF9D11B781370142200231C4800935A
:1077F000006802A9FFF75AFD1A4B1A7802F0FF033E
:107800000AB92360636013B030BD40F249430122DE
:10781000154D16482946ADF808308DF80A2000F0BD
:10782000F5FD2B680722CDF80B30DEE740F6492343
:10783000ADF8083001238DF80A300D4B1A889B787B
:10784000ADF80B208DF80D300622CEE7122013B0D4
:10785000BDE83040FFF784BFFE050020380100205E
:10786000B40500200C060020A9050020FCF7000844
:107870003501002010B5104C6378033B072B17D857
:10788000DFE803F0040A16160D161013FFF7EEFDDD
:1078900000232360636010BDFEF7D4FDF8E7FFF717
:1078A00015FEF5E7FFF782FFF2E7FFF73FFEEFE790
:1078B0001120FFF755FFEBE7FE05002003232DE91C
:1078C000F041244C244D23707F2363706B784FF07C
:1078D0000008A3707823E3702B79204F23716B7914
:1078E0001F4E6371AB793A693868A371EB79214611
:1078F00032610130D2B2E3713060FEF789FD194B7D
:1079000083F80080184B83F8008000F063FD2B782B
:107910003A6923706B78386840336370AB782146DE
:10792000A370EB783261E3702B79013023716B79AE
:10793000D2B26371AB793060A371EB79E371FEF77A
:1079400067FD012001F028FC41464046BDE8F041BA
:1079500001F0ACBBEE050020FE050020B4050020C0
:10796000D0050020D44F0020D54F002070B5154D14
:10797000154C2B78154E043323706B782146403319
:107980006370AB78A370EB78E370114B1A782271B7
:107990005A78DB7862710F4AE37192F806210E4B38
:1079A000A27118681A6901303261D2B23060FEF7F4
:1079B0002FFD002333613360236063602B606B60B5
:1079C00070BD00BFFE050020EE050020D0050020A0
:1079D0005101002024080020B4050020F8B500263D
:1079E000144B154D1E70154B154C1E702B78154FF2
:1079F00023706B78214640336370AB78A370EB78CB
:107A0000E3702B7923716B796371AB79A371EB7997
:107A1000E3710D4B1A6918683A610130D2B23860CF
:107A2000FEF7F6FC266066602E606E603E613E608A
:107A3000F8BD00BF05050020FE050020040500205C
:107A4000EE050020D0050020B405002070B572B608
:107A50007648774C0378774A5BB3774B1968216097
:107A6000596861600021196059604FF47A730170A0
:107A7000136072490B680BBBFF21714B197062B622
:107A8000704E336843B901216F4B196005216F4B6C
:107A9000997242F210711961136813B901226A4B8D
:107AA0001A6063785A1E092A0DD8BDE87040FFF7A6
:107AB000E1BE1368002BDCD0013BD9E7013B0B6032
:107AC000002BDCD1D8E7192B04D1A378042B09D1E2
:107AD000FFF764FD6378142B01D1FFF721F9637878
:107AE000192B04D1A378022B13D1FFF7A7FD6378DC
:107AF000282B05D1544B1B68032B25D1FFF778F9B0
:107B00006378852B05D1504B1B68032B20D1FFF7E1
:107B1000A1F96378222B2BD1E3781D2B1CD80BB352
:107B2000013B1C2B1ED8DFE803F0211D2F32353816
:107B30003B1D1D1D3E4144474A4D505356595C5F05
:107B40006265686B6E7174007F20FFF709FED7E7EE
:107B50007F20FFF705FEDCE77F2B63D0802B5BD017
:107B60007E2B5CD01220FFF7FBFD01E0FFF70CFA43
:107B70006378272B71D1A378012B69D0A378022BCE
:107B80006BD1FFF777F868E0FFF730FAF0E7FFF71F
:107B90005FFAEDE7FFF7C4F9EAE7FFF78DF9E7E7EA
:107BA000FEF78EFFE4E7FEF773FCE1E7FEF79CFCCF
:107BB000DEE7FEF7C5FCDBE7FEF7EEFCD8E7FEF7F5
:107BC00017FDD5E7FEF740FDD2E7FEF769FDCFE7E9
:107BD000FEF792FDCCE7FEF7BBFDC9E7FEF7E4FD3B
:107BE000C6E7FEF70DFEC3E7FEF736FEC0E7FEF779
:107BF0005FFEBDE7FEF788FEBAE7FEF7B1FEB7E726
:107C0000FEF7DAFEB4E7FEF703FFB1E7FEF72CFF5D
:107C1000AEE7FFF7EBFAABE7FFF7A8FEA8E7FEF742
:107C2000AFFFA5E7FEF77EFFA2E700BF0D0600202D
:107C3000FE0500204C010020F6050020B0050020C4
:107C400050010020E8050020C04F0020580100200E
:107C5000FEF7C8FF6378272B90D03B4D2B78012B84
:107C600043D12F21622000F053F9A378022B0CD1CD
:107C7000364B1B68032B49D12B78012B3CD1344B5D
:107C80001B78062B38D1FFF71BFD6378112B04D12D
:107C9000A378012B01D1FFF711FE22796378402AE6
:107CA00003D1312B09D1FFF799FE62782379312A6C
:107CB00003D1432B01D1FFF7B1FB2379422B08D12C
:107CC0006378312B05D1214B1B68032B28D1FFF79B
:107CD00051FA6378102B2CD1A378012B24D0A378F0
:107CE000032B2DD1FFF714FA23E0622000F07CF87B
:107CF0002F28BAD12E21B5E72B781BB1144B1B7856
:107D0000062BC2D02B782BB9332000E07F20FFF761
:107D100027FDBAE70E4B1B78062BB6D02220F6E7DC
:107D20007F20FFF71DFDD4E7FFF7F2F96378102BF2
:107D3000D5D063783E2B03D1A3780BB9FFF7BAF9FE
:107D400033680133336070BD06060020C04F002049
:107D50006205002013282ED81823584316490A5AC2
:107D60000B1801320A52154A022012789A70144AEE
:107D70001278DA70134A12781A71134A12785A710B
:107D8000124A12789A71124A1278DA71114A1288DC
:107D9000A3F80920104A1288A3F80B200F4A126892
:107DA000C3F80D200E4A1268C3F811200D4A12784C
:107DB0001A7200F05BBA7047220600206A050020A4
:107DC0006905002068050020670500206605002081
:107DD000650500202E0100202C010020AC040020AD
:107DE000A8040020620500200023074A52F8041B63
:107DF000814204D00133142BF8D100207047034A8C
:107E000012F82300704700BF7CEA00086C010020D4
:107E10000023074A52F8041B814204D00133092B86
:107E2000F8D100207047034A12F82300704700BFC2
:107E3000CCEA0008E00100202E4B2DE9F0410D4670
:107E40000024984688B053F8042B824208D00134AD
:107E5000092CF8D108B0BDE8F081AF2DFAD112E0BD
:107E6000254B1B78002BF5D1244E56F82470AF42D9
:107E7000F3D0AF2D46F82450ECD13146042000F069
:107E8000F5F946F82450FFB2AF2FE3D01C4B1B7816
:107E9000022BDFD11422002103A806F01BFC58F8A6
:107EA0002430184C1A0A190E23706270C3F305426D
:107EB000C3F3816363F04303E37004230025069357
:107EC00040F2FE7342EA81120F4F104E0195A270EC
:107ED00002932246384601AB02A901F041FE01356A
:107EE00010B13368AB42F4D8002323706370A370E1
:107EF000E370AFE7CCEA0008EC050020E0010020C9
:107F00003401002012060020E03B002078EA00083F
:107F1000304B2DE9F0410D460024984688B053F8C7
:107F2000042B824208D00134142CF8D108B0BDE8EB
:107F3000F0812F2DFAD115E0274B1B78002BF5D1BE
:107F4000264E56F82470AF42F3D02F2D46F8245019
:107F5000ECD13146012000F089F9E0B2FFF7FAFEDA
:107F600046F82450FFB22F2FE0D01D4B1B78022B78
:107F7000DCD11422002103A806F0ACFB58F8243011
:107F8000184C1A0A190E23706270C3F30542C3F32A
:107F9000816363F04303E37004230025069340F2FA
:107FA000FE7342EA8112104F104E0195A2700293A7
:107FB0002246384601AB02A901F0D2FD013510B1CD
:107FC0003368AB42F4D8002323706370A370E3706E
:107FD000ACE700BF7CEA0008EC0500206C01002043
:107FE000340100200E060020E03B002078EA000863
:107FF0002DE9F0415D4B1B780F2B78D8DFE803F0BB
:10800000083750848D777777777777777777779793
:108010000023574A574E13703478574A136014BBE5
:108020002546564F57F8048B4046FFF7F1FEAF2820
:1080300003D12E214046FFF7FFFE0135EDB2092D99
:10804000F0D14F4D55F8047B3846FFF7CDFE2F2871
:1080500003D12E213846FFF75BFF0134E4B2142C24
:10806000F0D1012333700022464B1A703FE0002408
:108070000127414B414E3E4D1C6056F8040BFFF763
:10808000C7FE5230C0B2012804D80C232B70012245
:108090003C4BEAE70134E4B2092C2F70EDD1F6E74E
:1080A0000022354B374D1A602B78012B0ED14FF43F
:1080B000B270FFF7ADFEAF2808D1AE214FF4B27019
:1080C000FFF7BAFE2E216420FFF722FF00244FF0B5
:1080D00002082A4F264E57F8040BFFF799FE52303C
:1080E000C0B2012809D80C23337002232B70264A12
:1080F000136801331360BDE8F0810134E4B2092C48
:1081000086F80080E7D1F0E700221B4B1A600323BA
:10811000174A13701B4A1370E9E70023164A1449E3
:10812000136004220A7017490A70124AF3E7124CCE
:10813000154B22681B687AB9B3F5FA6F0CD9236026
:10814000AF214FF4B270FFF777FE2F216420FFF7C5
:10815000DFFE0023236003E09B1AB3F5FA6FEFD331
:108160000F22084B1A700C22014B7EE733010020CE
:10817000200600201606002018060020CCEA000881
:108180007CEA0008210600201C06002000687047D9
:1081900002464FF000630649184603F580639A4291
:1081A00001D2824202D28B42F6D10020704700BF3A
:1081B0000000020813B50C48FFF7EAFF044602F07E
:1081C000F3F80023094801A9036001238460C36018
:1081D00002F09AF9044618B102F002F902B010BD9B
:1081E00002F0F4F82046F9E70038000814080020EF
:1081F00013B50C48FFF7CCFF044602F0D5F8002376
:10820000094801A9036002238460C36002F07CF97D
:10821000044618B102F0E4F802B010BD02F0D6F83E
:108220002046F9E700F800080408002070B50C4665
:108230000646154602F0B8F804EB8505361BAC423D
:1082400004EB060103D102F0C1F800240CE0002386
:10825000022054F8042B02F0F3F80028EFD002F0CB
:10826000BFF8044602F0B2F8204670BD2DE9F04F89
:10827000431E042B0F4685B043D8002941D072B667
:1082800000224FF0FF33CDE902230C2303FB00F45F
:10829000DFF8D8B0364E3BF8048036484FEA9808ED
:1082A0004246356801F0A6FE3BF8043005F11002A5
:1082B0001344314A3149934281460BEB040A21446D
:1082C00022D2022228460835FFF7B0FF424639463F
:1082D0002846CAF80450FFF7A9FF3BF804400222E1
:1082E0002C44204602A90834CDF80890FFF79EFFE1
:1082F00034603368224A93422DD20122214B1A6006
:1083000062B605B0BDE8F08F01231F4D01912B60CF
:1083100000F03CF833680199022218460193FFF7F8
:1083200085FF019B4246083339461846CAF8043097
:108330000193FFF77BFF019B3BF8044002221C44A2
:10834000204602A9CDF80890FFF770FF02230834F9
:1083500034602B60CDE703F17843A3F57C43B3F59C
:10836000806FCDD20222074BC9E700BF3009002041
:10837000C8090020443C0020FFFF000878090020C5
:1083800000FC0008C0090020C409002037B572B6FF
:10839000FFF72EFF4FF0B6330B4C0C480222694614
:1083A000CDE900332060FFF741FF2368084D083313
:1083B0002360012455F83410A0B20134FFF756FFB2
:1083C000062CF7D103B030BDC809002000F8000822
:1083D0003402002070B572B60024094D094E15F81C
:1083E000013B012B04D156F83410A0B2FFF73EFF39
:1083F0000134062CF3D10222034B1A7062B670BD11
:10840000F4020020340200202D09002001EB82023A
:10841000401A914200D17047435841F8043BF8E7B5
:108420002DE9F84FBE4C42222146BE48FFF7EEFF31
:1084300094F80731BC4AAA2BBC49BD4B40F00282DC
:108440002046FFF7A3FE1060201DFFF79FFE086087
:1084500004F10800FFF79AFEB64A106004F10C0020
:10846000FFF794FEB44A106004F11000FFF78EFE8F
:10847000B24A106004F11400FFF788FEB04A1060A1
:1084800004F11800FFF782FEAE4A106004F11C00F0
:10849000FFF77CFEAC4A106004F12000FFF776FE87
:1084A000AA4A106004F12400FFF770FEA84A106089
:1084B00004F12800FFF76AFEA64A106004F12C00C0
:1084C000FFF764FEA44A106004F13000FFF75EFE7F
:1084D000A24A106004F13400FFF758FEA04A106071
:1084E00004F13800FFF752FE9E4A106004F13C0090
:1084F000FFF74CFE186004F14000FFF747FE9A4B6F
:10850000186004F14400FFF741FE984B186004F135
:108510004800FFF73BFE964B186004F14C00FFF754
:1085200035FE944B186004F15000FFF72FFE924B7C
:10853000186004F15400FFF729FE904B186004F115
:108540005800FFF723FE8E4B186004F15C00FFF724
:108550001DFE8C4B186004F16000FFF717FE8A4B7C
:10856000186004F16400FFF711FE884B186004F1F5
:108570006800FFF70BFE864B186004F16C00FFF7F4
:1085800005FE844B186004F17000FFF7FFFD824B7D
:10859000186004F17400FFF7F9FD804B186004F1D6
:1085A0007800FFF7F3FD7E4B186004F17C00FFF7C5
:1085B000EDFD7C4B186004F18000FFF7E7FD7A4B7E
:1085C000186004F18400FFF7E1FD784B186004F1B6
:1085D0008800FFF7DBFD764B186004F18C00FFF795
:1085E000D5FD744B186004F19000FFF7CFFD724B7E
:1085F000186004F19400FFF7C9FD704B186004F196
:108600009800FFF7C3FD6E4B186004F19C00FFF764
:10861000BDFD6C4B186004F1A000FFF7B7FD6A4B7D
:10862000186004F1A400FFF7B1FD684B186004F175
:10863000A800FFF7ABFD664B186004F1AC00FFF734
:10864000A5FD644B186004F1B000FFF79FFD624B7D
:10865000186004F1B400FFF799FD604B186004F155
:10866000B800FFF793FD5E4B186004F1BC00FFF704
:108670008DFD5C4B186004F1C000FFF787FD5A4B7D
:10868000186004F1C400FFF781FD584B186004F135
:10869000C800FFF77BFD564B186004F1CC00FFF7D4
:1086A00075FD544B186004F1D000FFF76FFD524B7D
:1086B000186004F1D400FFF769FD504B186004F115
:1086C000D800FFF763FD4E4B186004F1DC00FFF7A4
:1086D0005DFD4C4B186004F1E000FFF757FD4A4B7D
:1086E000186004F1E400FFF751FD484B186004F1F5
:1086F000E800FFF74BFD464B186004F1EC00FFF774
:1087000045FD444B186004F1F000FFF73FFD424B7C
:10871000186004F1F400FFF739FD404B18607FE06A
:108720002408002000380008F8000020F400002091
:10873000F0000020D0000020B4000020AC00002099
:10874000A8000020D4000020CC000020C800002099
:10875000C4000020C0000020BC000020B8000020A1
:10876000B000002090000020EC000020E800002075
:10877000E4000020E0000020DC000020D800002001
:10878000940000203C000020A4000020A000002055
:108790009C000020980000208C0000208800002011
:1087A00084000020800000207C0000207800002051
:1087B00074000020700000206C0000206800002081
:1087C00064000020600000205C00002058000020B1
:1087D00054000020500000204C000020F80300202E
:1087E0004800002044000020400000203800002005
:1087F00034000020300000202C0000202800002041
:1088000024000020200000201C0000201800002070
:1088100014000020100000200C00002008000020A0
:1088200004F1F800FFF7B2FC044B186004F1FC00FF
:10883000FFF7ACFC024B1860BDE8F88F0400002085
:10884000000000204FF4FA651560DA4A0D200A6036
:10885000FA211960142316260A274FF0550C4FF001
:10886000BE0E4FF4966941F6F42AD34944F2303BE8
:108870000B60D249DFF8488308604FF42F70D1496C
:108880000E60D14940F6E4460B60D0490F60D049F4
:1088900040F6FF77C1F800C0CE49DFF83CC3C1F80D
:1088A00000E0CE49DFF838E3C1F80080CD49DFF8B9
:1088B0003883C1F80090CD49DFF83493C1F800A0A7
:1088C000CC49DFF834A3C1F800B0CC49DFF830B3AD
:1088D000086040F66E70CB490E60CB49CB4E0F60FE
:1088E000CB4FCC490F60CC490860CC49CC480A60DA
:1088F000CC490E60CC490860CC49CD480860CD49D0
:10890000CD480160CD48016043F22C01CC480160A4
:1089100041F27830CCF80000DFF828C3CCF800E052
:10892000DFF824C3DFF824E3CCF800E0DFF820C34D
:10893000DFF820E3CCF800E0DFF81CC3DFF81CE32D
:10894000CCF800E0DFF818C3DFF818E3CCF800E05B
:10895000DFF814C3DFF814E3CCF800E0DFF810C34D
:10896000DFF810E32560CCF800E0DFF80CC3DFF897
:108970000CE3934DCCF800E0DFF804C3DFF804E328
:108980006260CCF800E0DFF800C3DFF800E3CEF867
:1089900000C0DFF8FCE2CEF80080DFF8F8E2DFF894
:1089A000F882CEF80080DFF8F4E2DFF8F482CEF847
:1089B0000080DFF8F0E2DFF8F082CEF80080DFF828
:1089C000ECE2DFF8EC82C8F800E0DFF8E882C8F8F3
:1089D0000090DFF8E482DFF8E492C8F800E04FF09E
:1089E0000008DFF8DCE2CEF80080DFF8D8E2DFF83C
:1089F000D882C8F800E0DFF8D482C9F80080DFF838
:108A0000D092CAF80090DFF8CCA2CAF800B0DFF824
:108A1000C8A2DFF8C8B2CAF800B0DFF8C4A2DFF815
:108A2000C4B2CAF800B0DFF8C0A2CAF80090DFF8FC
:108A3000BC92DFF8BCA2C9F800A0DFF8B892C9F870
:108A40000080DFF8B482DFF8B492C8F80090DFF855
:108A5000B082DFF8B092C8F80090DFF8AC82DFF89F
:108A6000AC92C8F80090DFF8A882C8F800E0DFF800
:108A7000A4E2DFF8A482CEF80080DFF8A0E2DFF8FD
:108A8000A082CEF80080DFF89CE2CEF800C04FF064
:108A90007E5CDFF894E2CEF800C0DFF890E2CEF81A
:108AA00000C0A5602261BE22A2614FF49662E2611D
:108AB00041F6F422226244F2303262624FF42F72A5
:108AC000A26240F6E442E26240F6FF72226340F6A0
:108AD0006E722364E3640A236263FA2223655523DA
:108AE000E2630D22636541F2707362641622E365EE
:108AF0004B4BA06323664E4BA26463664D4BA1654E
:108B0000A366E366364BE7602367504B6661636795
:108B1000A3F13273A3F52043CD3BA3674F4B324AF9
:108B2000E367504B3249C4F88030504B344DC4F8A1
:108B30008430504B00F17250C4F8883003F17D430B
:108B400003F5190303F26763C4F88C304D4BC4F886
:108B50009820C4F890304C4B4F4AC4F89430C4F875
:108B6000F4304FF07E53C4F8F830C4F8FC30AA2338
:108B7000C4F89C204A4A84F80731C4F8A0204A4A25
:108B80001C23C4F8A420A2F5A012C4F8A820C4F89D
:108B9000B0200022C4F8AC104C49C4F8B420C4F88A
:108BA000BC10C4F8D8105549464AC4F8DC1000F58A
:108BB0000F10BDE0209B0800EC000020E800002022
:108BC000A0030200E4000020E0000020DC00002000
:108BD000D8000020D400002090000020D000002009
:108BE0000000E041CC0000205C8F7E41C8000020E6
:108BF00000009A42C400002040000020C000002075
:108C0000CDCC3C41BC000020B8000020E080030037
:108C100078630100B4000020B0000020AC00002008
:108C20005C8F0241A8000020A4000020A0000020CA
:108C3000A470AF417B1402419C00002098000020EA
:108C4000940000208C0000208800002000345D4645
:108C500084000020339394438000002000C0B2447D
:108C60007C0000209A998940780000200000C841CB
:108C70007400002033938843700000209A992141AA
:108C80006C00002072F97F3F17B7D13868000020D0
:108C90006400002060000020CD4C19445C000020DE
:108CA000000080BF580000200000B4420000A04235
:108CB00054000020500000204C0000204400002000
:108CC000F80300200000C84248000020CDCCCC3D75
:108CD0000AD7A33C38000020340000209A99314183
:108CE000300000209A9919412C0000202800002013
:108CF000CDCC4C3D24000020200000206666663F5D
:108D00001C000020CDCC4C3E180000200000484242
:108D100014000020100000208FC2753C0C000020C1
:108D20008FC2753D080000200400002000000020D4
:108D30001849C4F8B82000F29230C4F8C450C4F8FE
:108D4000E820A5F53325144AC4F8C000C4F8D000C3
:108D5000C4F8E01011481249A5F23335C4F8C850E0
:108D6000C4F8EC20A5F5C01502F18072C4F8E41037
:108D7000C4F8F020C4F8CC50C4F8D40084F806310C
:108D8000FFF718FA2146BDE8F84F42220548FFF7E1
:108D90004DBA00BFCDCC4C3E8FC2753CCDCC4C3DC6
:108DA00000004842003800082DE9F04186B072B654
:108DB00000232E4DCDE901332C682D4B002C3ED1E4
:108DC0002B6002222A4801A9FFF720FB019B029A8F
:108DD000B3F1B63F39D1B2F1B63F39D1244C254E6B
:108DE000254FDFF898800222304603A9FFF70EFBDB
:108DF0009DF80C20052A24D80C23534317F803C0F0
:108E000006F10801944507EB030E11D1BDF80E00E1
:108E1000BEF8022082420BD11948C41800F803C0E2
:108E200018486280C252C4181032616094192146F9
:108E300001F110034345296003D80E46D3E79C4255
:108E4000BFD02C6006B0BDE8F0811340013301D0E3
:108E5000FFF7CEF94FF0B6330222054801A9CDE95C
:108E60000133044CFFF7E2F9EBE700BFC80900202B
:108E700000F8000808F80008AC0200201EFE0008F8
:108E800078090020300900202DE9F74F72B6002341
:108E900001264FF00C0ACDE90033294DFFF784FF7E
:108EA000DFF8A090284A294C174617F80C3F04F128
:108EB0000C08013BDBB2FD2B34D8D389FF2B31D01A
:108EC00083B3A289A96820699208FFF79FFAB4F8D2
:108ED0000CB02069022269465844FFF797FAA96846
:108EE0001B484FEA9B0201F085F8009B834209D0A2
:108EF000D9F80810A289A86805F01EFCA968B0B2CC
:108F0000FFF7B4F90136062E3A46444605F1080546
:108F100009F10809C8D102220E4B1A7062B603B0DB
:108F2000BDE8F08F0AFB06F30B4A9A1807CA87E8D8
:108F300007000A4A134493E8070088E80700D7E7C8
:108F400034020020040200207809002030090020AB
:108F5000443C00202C090020AC02002064020020C8
:108F600073B5404C404B227801211A703F4A40486B
:108F70001368404D053313603F4A404E1368053374
:108F8000136001F01BFC3E4A3E4B117830701970A3
:108F9000517859709178D2789970DA702B6833B91A
:108FA000394B1B78D3B12F215720FEF7B1FF33780F
:108FB000364A012B07D0364B1B78022B03D0354B9A
:108FC0001B78012B11D101232370C8231360324A6F
:108FD00013602B6801332B6002B070BD5720FEF781
:108FE00003FF2F28E3D12E21DEE713682BB1013BCD
:108FF0001360002BEDD102232370284B264A1B78E7
:10900000042B2BD11368002BE3D0013B1360002B02
:10901000DFD103222270224A4FF480701360214A6C
:109020001370194A137003F1804303F50433DA69AE
:1090300042F08052DA61DB6903F080530193019BB7
:10904000194B1A6842F004021A601A6842F00802CA
:109050001A6001F0FFFB01F009FCBAE7022323705C
:10906000C823B5E70503002008050020D04F0020E5
:1090700000080140CC090020CC4F00200403002050
:1090800051010020D64F0020D54F002000030020C2
:109090003401002030010020FC02002007050020E0
:1090A000C84F0020D44F00200070004000220E4B1B
:1090B0001A600E4B19700E4B187038B10D4A1368B8
:1090C000013313600C4A136801331360BFF34F8FF1
:1090D0000A490B4BCA6802F4E0621343CB60BFF34A
:1090E0004F8F00BFFDE700BFCC4F0020D44F0020C2
:1090F000D54F0020C84F0020C44F002000ED00E0F5
:109100000400FA0505F00AFA0B480C490C4A002342
:1091100002E0D458C4500433C4188C42F9D3094A2D
:10912000094C002301E013600432A242FBD305F096
:10913000DFFA05F045F870470000002074030020B6
:109140000CEC000878030020FC400020FEE7000043
:1091500008B5074A0320136843F01003136000F0BA
:10916000E9FE0F2005F024F905F0F8F8002008BD0D
:1091700000200240034A044B11681B780B44136023
:10918000704700BFD009002006030020014B18687B
:10919000704700BFD009002038B50446FFF7F6FF3E
:1091A0000546631C1EBF044B1B78E418FFF7EEFF57
:1091B000431BA342FAD338BD06030020436A9A6AD0
:1091C00012F0500F1AD19A6A42F400729A621A6829
:1091D000926802F46022B2F5602F0CD11A7B52B96A
:1091E0009A6A22F480729A629A6AD2045EBF9A6A7C
:1091F00042F001029A6218461A6B10471B6A1B6BF9
:109200001847406A436B1847406A836A43F040033B
:109210008362C36A43F00403C362C36B1847704799
:10922000704770B5036804461D685E68B00626D5B1
:10923000A90724D5A26AD2065EBFA26A42F40072D0
:10924000A2629A6802F46022B2F5602F10D1227BEC
:1092500072B95A6822F020025A60A36A23F480731C
:10926000A362A36AD8045EBFA36A43F00103A362AA
:10927000236B204698476FF0120223681A6031066C
:1092800030D56A072ED5A36ADB065EBFA36A43F416
:109290000053A36223689A6802F4E042B2F5E04FFB
:1092A0000AD05A68500516D49A6802F46022B2F5C2
:1092B000602F10D1227B72B95A6822F080025A6066
:1092C000A36A23F48053A362A36AD9055EBFA36A8D
:1092D00043F00103A362236C204698476FF00C0211
:1092E00023681A6072060CD5EB070AD5A36A2046DC
:1092F00043F48033A362A36B98476FF001022368A5
:109300001A6070BD002373B5019390F824300246B3
:10931000012B71D0012380F824304C680068062CA2
:109320000D684FEA840325D823441F24466B053B70
:109330009C4026EA040405FA03F3234343630C68C4
:109340001668092C04EB44008B684FF0070429D9F8
:10935000F5681E38844025EA040483402343F36003
:109360000B68103B012B25D90020002382F8243004
:1093700002B070BD0C2C23444FF01F0409D8066BBB
:10938000233B9C4026EA040405FA03F323430363CA
:10939000D5E7C66A413B9C4026EA04049D402C4325
:1093A000C462CCE73569844025EA04048340234342
:1093B0003361D5E713681148834217D198680002DA
:1093C000D2D4986840F4000098600B68102BCBD181
:1093D0000B4B0C491B68B3FBF1F30A214B43019380
:1093E000019B002BC0D0019B013BF8E7936A012051
:1093F00043F020039362B8E70220B9E7002401405C
:109400002003002040420F0030B590F8242003468E
:10941000012A1FD0012280F824200268087A01283E
:1094200050680CBF40F0400020F0400050601C68C5
:10943000D1E9002065680243074828400243626082
:10944000C8681A685062002009691A68916283F836
:10945000240030BD0220FCE7E0FD3FFF806A70473A
:10946000002337B50193036804469A68D20702D5F2
:10947000002003B030BD9A6842F001029A60144B9C
:10948000144A1B68B3FBF2F30193019BE3B9FFF7A6
:109490007DFE054623689B68DB07E9D4FFF776FE6F
:1094A000401B0228F6D923689B6813F00103F1D111
:1094B000A26A012042F01002A262E26A84F824301B
:1094C00042F00102E262D4E7019B013BDCE700BF0E
:1094D0002003002040420F002DE9F041414B90460F
:1094E000026804469A420F4602D03F498A4203D19D
:1094F0005B6813F4702F70D194F82430012B6ED078
:109500000123204684F82430FFF7AAFF06460028EE
:109510005FD1A56A2168344B25F4706525F00105FB
:1095200045F480759942A56204D12E4A536813F41C
:10953000702F40D1A36A23F48013A3624B685A05AD
:1095400005D5A36A23F4405343F48053A362A36A6E
:10955000264A13F480531CBFE36A23F00603E36238
:10956000002384F82430236A9A62236A204ADA624C
:10957000236A204A1A636FF0020223681A60226885
:10958000936843F480739360216843463A46206AA7
:109590004C3100F077FD23689A6802F46022B2F53E
:1095A000602F9A680CBF42F4A00242F480129A60C5
:1095B0003046BDE8F081A36A43F48013A362536888
:1095C0005B0541BFA06A20F4405040F48050A06287
:1095D000BDE7002384F82430EAE70126E8E7022605
:1095E000E6E700BF0024014000280140BD910008CB
:1095F000039200080992000838B5036804469A6887
:10960000D10701D4002038BD9A6822F001029A6087
:10961000FFF7BCFD054623689B68DB07F2D5FFF723
:10962000B5FD401B0228F6D923689B68DA07F2D5FE
:10963000A36A012043F01003A362E36A43F001032D
:10964000E362E0E770B5044600287CD0836A9BB9EA
:10965000C36280F824303F4B03633F4B43633F4B6F
:1096600083633F4BC3633F4B0364436C0BB93E4B77
:1096700043642046636C98472046FFF7BDFFA36A0A
:1096800013F0100361D100285FD1A26A616822F44F
:10969000885222F0020242F00202A262E269257BB5
:1096A0001143A26841EA4501B2F5807F03D0561EFE
:1096B000724272411202267D012E07D1002D2FD158
:1096C000A569013D42EA453545F4006226687568A2
:1096D00025F469452A4372602568244AAE68324001
:1096E0000A43AA60A268B2F5807F01D0012A02D1A4
:1096F0002369013B1B052568EA6A22F470021343C3
:10970000EB6223689A681A4B1340994211D10023E7
:10971000E362A36A23F0030343F00103A36270BD75
:10972000A56A45F02005A562E56A45F00105E562F8
:10973000CCE7A36A23F0120343F01003A362E36AA9
:1097400043F00103E3620120E9E7A36A43F0100359
:10975000A362F8E761DE00081F920008219200086A
:10976000E1E000088998000859D80008FDF7E1FFFA
:10977000FE0E1FFF10B590F824300446012B11D0C7
:10978000012380F82430FFF737FF38B9A36A23F4A8
:10979000885323F0010343F00103A362002384F8FC
:1097A000243010BD0220FCE7002373B5019390F82C
:1097B00024300446012B62D0012380F82430FFF7C7
:1097C0001BFF2046FFF74CFE054600282FD1A36A59
:1097D000022023F4885323F0020343F00203A36220
:1097E000284B1E6801F076FBB6FBF0F6760001967A
:1097F000019B03BB2268936843F008039360FFF763
:10980000C5FC064623689A68110718D49A6842F086
:1098100004029A60FFF7BAFC064623689B685B0760
:1098200023D4A36A23F0030343F00103A3620023BC
:1098300084F8243016E0019B013B0193D8E7FFF741
:10984000A5FC801B0A28DDD923689B681807D9D599
:10985000A36A012523F0120343F01003A36200233F
:1098600084F82430284602B070BDFFF78FFC801BBF
:109870000A28D2D923689B685A07CED5E8E7022583
:10988000F0E700BF20030020704770477047704723
:109890007047704770477047704770477047704710
:1098A00038B50446002800F0948090F8203003BBBF
:1098B0004C4B03644C4B43644C4B83644C4BC36430
:1098C0004C4B83624C4BC3624C4B03634C4B436326
:1098D0004C4B83634C4BC3634C4B03654C4B436510
:1098E0004C4B8365C36D0BB94B4BC3652046E36D91
:1098F00098472268136843F001031360FFF746FCA2
:10990000054623685A68D10757D51A6822F0020223
:109910001A60FFF73BFC054623685A6892075AD441
:10992000227E0020012A1A680CBF42F0800222F039
:1099300080021A602368627E012A1A680CBF42F016
:10994000400222F040021A602368A27E012A1A68AF
:109950000CBF42F0200222F020021A602368E27E4F
:10996000012A1A680CBF22F0100242F010021A609D
:109970002368227F012A1A680CBF42F0080222F0F5
:1099800008021A602368627F012A1A680CBF42F03D
:10999000040222F004021A60D4E90232134322695D
:1099A00021681343626913436268013A1343CB6130
:1099B0000123606284F820300CE0FFF7E7FB401BD6
:1099C0000A289ED9636A43F400336362052384F84E
:1099D0002030012038BDFFF7D9FB401B0A289BD956
:1099E000F0E700BF995E000899980008095E00083A
:1099F0009B9800088D9800088F980008919800089F
:109A00009398000895980008979800089D9800087A
:109A10009F9800088B98000829DA000870B590F824
:109A200020200368013A012A69D80120D3F80022D6
:109A300042F00102C3F800224A69D3F81C4202F046
:109A40001F0200FA02F224EA0204C3F81C42CC69A5
:109A5000D043ACB9D3F80C420440C3F80C42CE68F2
:109A60004C698D88483445EA064543F834504C69C2
:109A70008E680D88483445EA064503EBC4046560EA
:109A8000CC69012C15D1D3F80C421443C3F80C4215
:109A90000E684C698D88483445EA064543F83450D1
:109AA0004C698E688D89483445EA064503EBC40449
:109AB00065608C69DCB9D3F804420440C3F8044201
:109AC0000C69C4B9D3F814422040C3F81402002032
:109AD000096A012902BFD3F81C120A43C3F81C22E9
:109AE000D3F8002222F00102C3F8002270BDD3F89F
:109AF00004421443E2E7D3F814021043E5E7436A53
:109B000043F4802343620120F0E738B590F8203019
:109B10000446012B1FD10223026880F8203013680D
:109B200023F001031360FFF731FB054623685868F3
:109B300010F0010001D1606238BDFFF727FB401B28
:109B40000A28F3D9636A43F400336362052384F877
:109B500020300120F0E7436A43F400234362F8E732
:109B6000F0B590F820500468013D012DA46845D857
:109B700014F0E05F3CD00125C4F30164A5401D60F2
:109B80008B680668CD6804F1180753BB0B6845EA7B
:109B900043553B01F55003680D6903EB07135D6006
:109BA0000B7D012B4FEA041307D101681944D1F84A
:109BB000844144F48074C1F88441016854681944B4
:109BC000C1F88C41116802681A44C2F88811026811
:109BD00000201344D3F8802142F00102C3F8802111
:109BE000F0BD2B434D6843EAC5033D017351D2E7F5
:109BF000436A43F4001343620120F1E7436A43F4EC
:109C00008023F8E7F0B590F82040013C012C79D88A
:109C1000046841B9E568AD0707D1436A43F400130E
:109C200043620120F0BD2569F5E701F11B052E0116
:109C3000A45904F0040494600768002C59D1BC595D
:109C4000640D146006682C01345904F00204D460D9
:109C500006680C0106EB0116D6F8B4713F074EBF3B
:109C60000826D6F8B46106F00F061661066806EB02
:109C700005167668C6F307269661066806EB051694
:109C800075682D0C556102682244D2F8B8211A700B
:109C900002682244D2F8B821120A5A70026822449B
:109CA000D2F8B821120C9A7002682244D2F8B82176
:109CB000120EDA7002682244D2F8BC211A710268CE
:109CC0002244D2F8BC21120A5A7102682244D2F806
:109CD000BC21120C9A7102682244D2F8BC21120EE7
:109CE000DA71036849B9DA6842F02002DA600020CC
:109CF00098E7BC59E4085460A4E71A6942F02002CE
:109D00001A61F4E7436A43F4802389E790F820302E
:109D1000013B012B05D802680020536919435161AA
:109D20007047436A43F480234362012070472DE962
:109D3000F14F036804465E69D3F8048016F001050C
:109D4000D3F808B0D3F80CA0D3F810909F6947D08F
:109D50001BF0010F06D001221BF0020F9A6010D0F9
:109D6000836A984700251BF4807F1DD04FF48072D2
:109D700023681BF4007F9A6011D0E36A204698475D
:109D800012E01BF0040F04D11BF0080F04D1436B49
:109D9000E7E74FF40065E6E74FF48055E3E71BF48F
:109DA000806F0FD045F400551BF4803F18D04FF45E
:109DB000803223681BF4003F9A600BD0236B20464F
:109DC00098470DE01BF4006F02D045F48045EBE7A7
:109DD000A36BD3E71BF4802F00F08B8045F4004584
:109DE000320707D51AF0100F1FBF1022236845F461
:109DF0000075DA60730708D51AF0080F05D008223D
:109E000023682046DA60636C9847B00706D523685C
:109E1000DB68990702D02046236C9847720607D565
:109E200019F0100F1FBF1022236845F480651A61D6
:109E3000B30608D519F0080F05D00822236820467C
:109E40001A61E36C9847F00606D523681B699907E9
:109E500002D02046A36C9847B20308D518F0100F23
:109E600005D01022236820465A60236D9847F303DB
:109E700008D518F0080F05D00822236820465A603C
:109E8000636D984730042AD518F0040F24D0F105EB
:109E900003D5FA0748BF45F00105B30503D5B80758
:109EA00048BF45F00205710503D57A0748BF45F064
:109EB0000405330510D517F070030DD0402B30D0BA
:109EC0001FD8202B27D0302B28D0102B20D0226851
:109ED000936923F070039361042223685A6035B3B9
:109EE0002046636A2B436362A36D01B0BDE8F04F67
:109EF00018471BF4002F02D045F4803570E7E36B60
:109F00005DE7502B10D0602BE1D145F48075DEE782
:109F100045F00805DBE745F01005D8E745F02005DA
:109F2000D5E745F04005D2E745F08005CFE701B021
:109F3000BDE8F08F07490302CA6803F4E06322F426
:109F4000E0621204120C134343F0BF6343F4003386
:109F5000CB60704700ED00E030B5154BDC68C4F312
:109F60000224C4F10703251D042B28BF0423062D5A
:109F70004FF0FF3594BF0024033C05FA03F321EAB8
:109F80000303A54022EA0502A340002843EA020396
:109F9000ACBF00F16040074A4FEA0313DBB2ABBF2E
:109FA00000F5614000F00F0080F80033135430BD1D
:109FB00000ED00E014ED00E0002807DB012341097B
:109FC000034A00F01F00834042F82130704700BF71
:109FD00000E100E010B5044650B1437903F0FF0200
:109FE00013B9027103F06AFD01230020637110BDF3
:109FF0000120FCE70346022010B51C685871A068D8
:10A0000001EB820240F00100A0609142186803D188
:10A01000012200685A7110BD51F8044B0460F4E746
:10A02000034610B540B314210068144A0244B2FB41
:10A03000F1F292001A64124ADA63022283F82120B4
:10A04000D3E901242243DC68016822431C6921F41E
:10A050007F5122435C6921F0300122439C692243F5
:10A06000DC6922430A43026000200122986383F8DE
:10A07000200083F8212010BD0120FCE7F8FFFDBF80
:10A080000000024070B590F82040012C3DD0012422
:10A0900090F8215080F82040012DECB24FF00005DF
:10A0A00031D1022680F8216006688563356825F085
:10A0B00001053560D0E90F56B4406C6004686360F8
:10A0C0004368102B03680BBF9A60996003680368AC
:10A0D0000CBFD960DA60C26A036852B11A6842F0F4
:10A0E0000E021A6002680020136843F00103136037
:10A0F00070BD1A6822F004021A600268136843F007
:10A100000A031360EEE780F820500220F0E7000019
:10A1100030B40424C36B056C1968AC4003680C426E
:10A120001A6833D0540731D51A6895065EBF1A688D
:10A1300022F004021A6003683F4A934219D0143295
:10A14000934218D01432934217D01432934217D04E
:10A150001432934217D01432934214BF4FF08063ED
:10A160004FF48003354A5360C36A002B61D030BC82
:10A1700018470423F6E74023F4E74FF48063F1E740
:10A180004FF48043EEE74FF48023EBE70224AC402A
:10A190000C4236D0940734D51A68910606D41A6852
:10A1A00022F00A021A60012380F821300368224A53
:10A1B000934219D01432934218D01432934217D0DC
:10A1C0001432934217D01432934217D01432934270
:10A1D00014BF4FF000734FF40013184A536000236C
:10A1E00080F82030836AC0E70223F6E72023F4E7F3
:10A1F0004FF40073F1E74FF40053EEE74FF40033F0
:10A20000EBE70824AC400C4213D0120711D51A68B2
:10A2100022F00E021A600123026CC16B03FA02F2F3
:10A220004A60836380F82130002380F82030036B7C
:10A230009BE730BC704700BF0800024000000240AE
:10A24000114AD36813F0100305D01049CB6943F0CD
:10A250000203CB611023D268500706D50B4943F0A7
:10A260000403CA6942F00102CA61074AD169C907F9
:10A2700008D50648C16941F00401C161D16921F0E6
:10A280000101D161D360704700200240D80900204D
:10A290007047704770B5424B424CDA6812F0100FAD
:10A2A00002D1DB685A070AD54FF0FF33A568A360D7
:10A2B000FFF7C6FF2846FFF7ECFF00232370384D59
:10A2C000EB689B0618D52023EB602378A3B1237895
:10A2D000012B27D16368013B63606368DBB1A06831
:10A2E000FFF7D6FFA06800F58060A0602B6923F01F
:10A2F00002032B6100F0F6F8237803F0FF014BB95D
:10A30000274B1A6922F007021A611A6922F4A05237
:10A310001A61217670BD4FF0FF30A0602370FFF707
:10A32000B7FFE9E72378022B09D12B69002023F03E
:10A3300004032B61FFF7ACFF00232370DCE76368A5
:10A34000013B63606368D3B1A3680233A360A6686E
:10A35000D4E90401020C42EA01420B0CC4E90423D3
:10A360002B6923F001032B61D4E904230023E3616B
:10A370002B6992B243F001032B613280BCE7237852
:10A38000032B06D1A068FFF783FF4FF0FF33A360D4
:10A39000D2E72378A068042B0CBF02380638F2E716
:10A3A00000200240D8090020064B186910F08000F8
:10A3B00007D0054A5A6002F188325A601869C0F322
:10A3C000C01070470020024023016745034A002067
:10A3D000136943F080031361704700BF00200240FF
:10A3E000014BD869704700BFD809002070B50546F9
:10A3F000FEF7CCFE0646114CE368D80712D4E3689A
:10A40000990644BF2023E360E368DA0606D4E369D3
:10A41000DB0703D4E06810F0040007D0FFF710FF5B
:10A42000012003E06B1CE7D00DB9032070BDFEF7DF
:10A43000ADFE801BA842DFD9F7E700BF0020024035
:10A440002DE9F84FDFF894A01F469AF8183005461A
:10A45000012B884691463FD001234CF250308AF8B8
:10A460001830FFF7C3FF90BB012D03D0022D14BF9E
:10A470000425022500263346DFF864B03401C4F118
:10A480002001A4F1200207FA01F129FA04F4CAF824
:10A490001C300C4327FA02F21443DBF81020A4B25C
:10A4A00042F00102CBF810204CF2503028F8164050
:10A4B000FFF79CFFDBF8102022F00102CBF8102000
:10A4C00028B90136F2B295424FF00003D6D80023E6
:10A4D0008AF81830BDE8F88F0220FBE7D809002081
:10A4E000002002400022064BDA61064B1A6942F056
:10A4F00002021A6158611A6942F040021A617047FB
:10A50000D8090020002002402DE9F041264F0546E1
:10A510003B7E8846012B44D001243C7603684CF2F4
:10A520005030022B1AD1FFF761FF20B10120002328
:10A530003B76BDE8F0811D4CF86123694CF2503048
:10A5400043F004032361236943F040032361FFF7D1
:10A550004DFF236923F004032361E8E7FFF746FF7B
:10A560000028E3D14FF0FF33C8F800302046AE6832
:10A570000E4CD5E9023203EB8223B342D7D93046E1
:10A58000FFF7B0FF4CF25030FFF730FF236923F0A4
:10A590000203236110B1C8F80060C8E706F58066C1
:10A5A000E7E70220C5E700BFD809002000200240ED
:10A5B0002DE9F74F00221546794E7A4BDFF8E8C1B6
:10A5C0007A4FD1F800E03EFA05F402D103B0BDE8BD
:10A5D000F08F4FF0010808FA05F80EEA080438EA8F
:10A5E0000E0E40F0A180D1F804E0BEF1030F09D8AF
:10A5F0000EF1FF3EBEF1020F00F2A680DFE80EF082
:10A60000B8BDC300BEF1120F00F0BA8000F28E8018
:10A61000BEF1110F00F0AE80FF2C98BF82464FF0C4
:10A620000F094FEA850E84BF00F1040AAEF1200E37
:10A63000DAF8008009FA0EFB28EA0B0802FA0EFE8F
:10A6400048EA0E08CAF80080D1F804E01EF0805FE6
:10A650006AD0D6F818E025F003084EF0010EC6F8CF
:10A6600018E0D6F818E008F180480EF0010ECDF899
:10A6700004E008F5803805F0030ADDF804E04FEA4D
:10A680008A0AD8F808E009FA0AF92EEA0909DFF877
:10A6900020E170457BD00EF5806E70457AD00EF5C6
:10A6A000806E704579D00EF5806E704514BF4FF006
:10A6B000040E4FF0030E0EFA0AFE4EEA090EC8F819
:10A6C00008E0D1F804E01EF4801FD3F808E014BFBE
:10A6D0004EEA040E2EEA040EC3F808E0D1F804E0B6
:10A6E0001EF4001FD3F80CE014BF4EEA040E2EEA4D
:10A6F000040EC3F80CE0D1F804E01EF4003FD3F8D8
:10A7000004E014BF4EEA040E2EEA040EC3F804E07F
:10A71000D1F804E01EF4803FD3F800E014BF4EEA05
:10A7200004042EEA04041C6001354AE7DFF8849033
:10A73000CE4509D014D8A9F58019CE4504D0E645F8
:10A7400002D0BE457FF468AF8A68F2B1012A08BF23
:10A75000C0F810804FF0080218BFC0F814805BE703
:10A76000DFF85490CE45EFD009F58039CE45E9E7C2
:10A77000CA6851E7CA6804324EE7CA6808324BE734
:10A78000CA680C3248E7002246E7042244E74FF04B
:10A79000000E90E74FF0010E8DE74FF0020E8AE7B2
:10A7A00000100240000401400000211000001110C0
:10A7B0000008014000002210000031108368194297
:10A7C00014BF0120002070470AB1016170470904DD
:10A7D000FBE700001A4A0168136823F0E0030B430B
:10A7E0001360184B5A6822F480325A601A6822F4B7
:10A7F00080321A60DA6822F48032DA609A6822F4D1
:10A8000080329A604268D10342BF1A6842F48032B3
:10A810001A604268920342BF5A6842F480325A601A
:10A820004268D10742BF9A6842F480329A60426817
:10A83000920742BFDA6842F48032DA60704700BFA4
:10A8400000700040000401400122014B1A61704772
:10A8500000000E4290FAA0F0B0FA80F00122024B04
:10A8600003449B001A60704720808310054A1368D8
:10A8700043F002031360044A136943F004031361B5
:10A8800030BF70470070004000ED00E070470000EE
:10A8900010B5054C6369DB0304D5FFF7F7FF4FF4F0
:10A8A0008033636110BD00BF000401402DE9F34116
:10A8B000044638B30368DB0710D423689F0759D4D4
:10A8C0002368190700F1908023685A0700F1BC80C3
:10A8D000E369002B40F0248100202BE08C4D6B6855
:10A8E00003F00C03042B07D06B6803F00C03082B58
:10A8F0000AD16B68DE0307D52B689D03DDD563683D
:10A90000002BDAD1012015E06368B3F5803F14D144
:10A910002B6843F480332B606368FBB1FEF736FC91
:10A9200006462B689803C8D4FEF730FC801B6428C9
:10A93000F7D9032002B0BDE8F0813BB92B6823F4BE
:10A9400080332B602B6823F48023E4E7B3F5A02F3A
:10A950002B68F4D143F480232B60D9E7FEF716FC73
:10A9600006462B689903A8D5FEF710FC801B6428C7
:10A97000F7D9DEE7664D6B6813F00C0F07D06B68F4
:10A9800003F00C03082B10D16B68DA030DD42B688D
:10A990009B0702D52369012BB4D12B68626923F090
:10A9A000F80343EAC2032B608AE72269594B6AB174
:10A9B00001221A60FEF7EAFB06462B689F07ECD4DB
:10A9C000FEF7E4FB801B0228F7D9B2E71A60FEF716
:10A9D000DDFB06462B6898077FF572AFFEF7D6FBC6
:10A9E000801B0228F6D9A4E7A269494E494BE2B17F
:10A9F0000122C3F88024FEF7C9FB0546736A9B0752
:10AA00000DD54FF4FA52444B1B68B3FBF2F301939C
:10AA100000BF019B5A1E0192002BF9D154E7FEF7AB
:10AA2000B5FB401B0228E9D983E7C3F88024FEF771
:10AA3000ADFB0546736A9F077FF546AFFEF7A6FBA1
:10AA4000401B0228F6D974E7314DEB69D80027D4B2
:10AA50000127EB6943F08053EB61EB6903F080530E
:10AA60000093009B2D4E3368D9051BD5E368012B5D
:10AA700029D12B6A43F001032B62E368002B38D005
:10AA8000FEF784FB41F2883806462B6A9B072AD5DD
:10AA9000002F3FF41DAFEB6923F08053EB6117E704
:10AAA0000027DFE7336843F480733360FEF76EFB03
:10AAB00080463368DA05D9D4FEF768FBA0EB0800BE
:10AAC0006428F6D935E73BB92B6A23F001032B62E2
:10AAD0002B6A23F00403CFE7052B2B6AF5D143F053
:10AAE00004032B62C5E7FEF751FB801B4045CCD920
:10AAF0001FE7FEF74BFB41F2883806462B6A9807A2
:10AB0000C6D5FEF743FB801B4045F7D911E700BFD0
:10AB1000001002400000424220030020007000406C
:10AB20002B4D6A6802F00C02082A3FD00022022B4B
:10AB3000284B1A662DD1FEF729FB06462B68990192
:10AB400021D4236AB3F5803F05D16B68A26823F452
:10AB5000003313436B606A68D4E9083122F474123D
:10AB60000B43134301226B601A4B1A66FEF70EFB70
:10AB700004462B689A013FF5AFAEFEF707FB001BBA
:10AB80000228F6D9D5E6FEF701FB801B0228D5D9AD
:10AB9000CFE6FEF7FBFA04462B689B017FF59CAEDF
:10ABA000FEF7F4FA001B0228F6D9C2E6012B3FF4A7
:10ABB000A9AE6868236A00F480329A427FF4A2AE9C
:10ABC000636A00F47010C01A18BF0120B2E600BF1B
:10ABD00000100240000042420D4A536803F00C018D
:10ABE000082912D10B48C3F38341DB03405C09D52C
:10ABF0005368094AC3F340435043084AD35CB0FB4F
:10AC0000F3F07047064B584370470348704700BF46
:10AC100000100240F2EA000800127A00F0EA000890
:10AC200000093D002DE9F0410D46044610B9012010
:10AC3000BDE8F081464A136803F007038B422AD32C
:10AC40002368980732D42368DA0745D4404A13684A
:10AC500003F00703AB4267D823683E4D13F0040F9F
:10AC60006ED123681B0706D56B68226923F46053F5
:10AC700043EAC2036B60FFF7AFFF6B68364AC3F36A
:10AC80000313D35CD840354B1860354B186803F07C
:10AC90008FFB0020CCE7136823F007030B431360FE
:10ACA000136803F007038B42C1D1C9E713F0040F07
:10ACB000284B1EBF5A6842F4E0625A6022681107AE
:10ACC00042BF5A6842F460525A605A68A16822F042
:10ACD000F0020A435A60B6E762681E4E012A3368E2
:10ACE0001AD113F4003FA2D0736841F2883823F0E0
:10ACF000030313437360FEF749FA074673686268FB
:10AD000003F00C03B3EB820FA0D0FEF73FFAC01B99
:10AD10004045F3D903208BE7022A02D113F0007FCC
:10AD2000E1E713F0020FDEE7136823F007032B437C
:10AD30001360136803F00703AB427FF478AF8BE72F
:10AD40006B68E26823F4E06313436B6089E700BF3C
:10AD50000020024000100240F4EB00082003002015
:10AD600008030020044B054A5B68C3F30223D35C4D
:10AD7000034A1068D840704700100240ECEB00080E
:10AD800020030020044B054A5B68C3F3C223D35C55
:10AD9000034A1068D840704700100240ECEB0008EE
:10ADA000200300200F2303600B4B5A6802F00302BC
:10ADB00042605A6802F0F00282605A6802F4E0626F
:10ADC000C2605B68DB0803F4E0630361034B1B684C
:10ADD00003F007030B6070470010024000200240A0
:10ADE0002DE9F34103680546D80721D5364CE369C0
:10ADF000D9002CD40126E36943F08053E361E36971
:10AE000003F080530193019B304F3B68DA0520D556
:10AE1000236A6A6813F440732FD1236A6A6823F4A3
:10AE20004073134323621EB1E36923F08053E3614F
:10AE30002B689A0706D5244AA968536823F440432F
:10AE40000B4353602B68DB0636D4002012E000264B
:10AE5000DAE73B6843F480733B60FEF797F980467E
:10AE60003B68DB05D4D4FEF791F9A0EB0800642819
:10AE7000F6D9032002B0BDE8F08102F440729A4294
:10AE8000CBD00120124A236AC2F84004002023F4E8
:10AE90004071C2F84004D8072162BED5FEF776F9AA
:10AEA00041F288380746236A9907B6D4FEF76EF94F
:10AEB000C01B4045F7D9DCE7034AE968536823F42F
:10AEC00080030B435360C0E7001002400070004055
:10AED00000004242022808B544D0102803D00128BF
:10AEE00022D0002034E0254B5A68186810F080709A
:10AEF0002ED0C2F383412248D20348BF5A68405C37
:10AF000041BF2049C2F34042895C1F4A5B684CBF85
:10AF1000B2FBF1F21D4A5B0202FB00F018D40323DE
:10AF20004000B0FBF3F013E040F20231134A136A21
:10AF30001940B1F5817F1ED003F44073B3F5007F53
:10AF400007D149F64043506A10F0020018BF184676
:10AF500008BDB3F5407FC4D110684FF2244310F40C
:10AF60000030F3E7FFF70EFF044B5B68C3F3813358
:10AF700001335B00D5E74FF40040E9E700100240E1
:10AF800004EB000802EB000800127A0000093D0003
:10AF9000036A026A70B522F00102026244688269A3
:10AFA0000D6822F073022A438D6823F002032B43BD
:10AFB0000A4DA8420BD1CD6823F008032B4324F49B
:10AFC0004074D1E90556354323F004032C43446013
:10AFD00082614A684263036270BD00BF002C014079
:10AFE000036A026A70B522F4807202624468C26920
:10AFF0000D6822F073022A438D6823F4007343EA3C
:10B0000005230B4DA8420DD1CD6823F4006343EA1C
:10B01000052324F44054D1E90556354323F48063D5
:10B0200044EA05144460C2614A68C263036270BDA9
:10B03000002C0140036A026A30B522F48052026299
:10B040004468C2690D6822F4E64242EA05228D682E
:10B0500023F4005343EA0533064DA84202BF4D696D
:10B0600024F4804444EA85144460C2614A6802645E
:10B07000036230BD002C0140704770477047704735
:10B0800070477047704770477047000090F83D3038
:10B09000012B21D10223026880F83D30D36843F0B0
:10B0A0000103D36003680D4A93420AD0B3F1804F85
:10B0B00007D0A2F59432934203D002F58062934206
:10B0C00004D19A6802F00702062A03D01A6842F0F7
:10B0D00001021A600020704701207047002C0140D7
:10B0E00010B5036804461A69910711D5DA6892070A
:10B0F0000ED56FF002021A610123037703689B6982
:10B100009B0700F08380D0F8903098470023237786
:10B1100023681A69500712D5DA6851070FD56FF006
:10B1200004021A610223237723689B6913F4407F8A
:10B1300073D0D4F8903020469847002323772368B3
:10B140001A69120711D5DA6810070ED56FF00802D8
:10B150001A61042323772368DB69990764D0D4F844
:10B160009030204698470023237723681A69D20637
:10B1700012D5DA68D0060FD56FF010021A610823D5
:10B1800023772368DB6913F4407F54D0D4F89030E0
:10B19000204698470023237723681A69D10709D5E9
:10B1A000DA68D20706D56FF001021A612046D4F89A
:10B1B0008030984723681A69100609D5DA681106A5
:10B1C00006D56FF080021A612046D4F8B030984757
:10B1D00023681A69520609D5DA68500606D56FF059
:10B1E00040021A612046D4F88830984723681A69CB
:10B1F000910627D5DA68920624D56FF020021A61ED
:10B200002046D4F8A830BDE810401847D0F8983050
:10B2100098472046D4F89C3077E7D4F898302046F9
:10B220009847D4F89C3086E7D4F898302046984761
:10B23000D4F89C3095E7D4F8983020469847D4F855
:10B240009C30A5E710BD034610B5002A68D090F8E1
:10B250003D40012CE0B239D11A2912D8DFE801F0C3
:10B260004446484A4C4E50525456585A5C5E0E1250
:10B2700015181B1E2124272A2D303300C3F88020E7
:10B28000002010BDC3F88420FAE7C3F88820F7E750
:10B29000C3F88C20F4E7C3F89020F1E7C3F89420BA
:10B2A000EEE7C3F89820EBE7C3F89C20E8E7C3F883
:10B2B000A020E5E7C3F8A420E2E7C3F8A820DFE771
:10B2C000C3F8AC20DCE7C3F8B020D9E793F83D0021
:10B2D00030BB0D2924D8DFE801F007090B0D0F1151
:10B2E000131517191B1D1F219A64C9E7DA64C7E7F4
:10B2F0001A65C5E75A65C3E79A65C1E7DA65BFE72E
:10B300001A66BDE75A66BBE79A66B9E7DA66B7E739
:10B310001A67B5E75A67B3E79A67B1E7DA67AFE745
:10B320000120AEE71A4A036890420AD0B0F1804F7C
:10B3300007D0A2F59432904203D002F58062904289
:10B3400015D14A6823F070031343114A90420AD082
:10B35000B0F1804F07D0A2F59432904203D002F5AD
:10B360008062904203D1CA6823F4407313434A6950
:10B3700023F08003134303608B68C3620B6883620E
:10B38000034B984204BF0B69036301234361704779
:10B39000002C0140036A026A70B522F010020262BA
:10B3A000446882690D6822F4E64242EA05228D680B
:10B3B00023F0200343EA05130B4DA8420DD1CD68BD
:10B3C00023F0800343EA051324F44064D1E90556D1
:10B3D000354323F0400344EA8504446082614A68AF
:10B3E0008263036270BD00BF002C014038B590F845
:10B3F0003C300446012B5BD00120082A84F83C0035
:10B4000043D006D8D2B1042A2CD0002384F83C3093
:10B4100038BD0C2AF9D12068FFF70CFE2268D369E9
:10B4200043F40063D3612268D36923F48063D3615A
:10B4300022680969D36943EA012337E02068FFF7EE
:10B44000A7FD2268936943F008039361226893691A
:10B4500023F0040393612268096993690B439361A4
:10B460000020D2E72068FFF795FF2268936943F434
:10B47000006393612268936923F480639361226877
:10B480000969936943EA0123E9E72068FFF7A8FD0A
:10B490002268D36943F00803D3612268D36923F09B
:10B4A0000403D36122680969D3690B43D361D7E7E9
:10B4B0000220ADE710B584680A4324F47F4442EAD1
:10B4C00003222243826010BD38B590F83C30044618
:10B4D000012B4FF0020000F09A80012284F83D0019
:10B4E000206884F83C20836823F47F4323F07703AB
:10B4F00083600B68602B57D036D8402B6ED018D89D
:10B50000202B0DD00AD833F0100109D0012384F884
:10B510003D30002384F83C30104638BD302BF5D147
:10B5200021688A6822F07002134343F007038B609E
:10B530002DE0502BEAD123684868CD68196A1A6A51
:10B5400021F00A0122F001021A629A69014322F0F5
:10B55000F00242EA05129A6119622268936823F0A8
:10B56000700343F0570311E0B3F5805F0FD0B3F5DC
:10B57000005F0ED0702BC9D1CB682068D1E90121C2
:10B58000FFF798FF2268936843F0770393600022E7
:10B59000BCE7CB682068D1E90121FFF78BFF226867
:10B5A000936843F48043F1E7236848681A6ACD68DA
:10B5B000196A22F0A00221F010011962996942EA89
:10B5C000001221F4704141EA053199611A62226842
:10B5D000936823F0700343F06703D7E72368486854
:10B5E000CD68196A1A6A21F00A0122F001021A6272
:10B5F0009A69014322F0F00242EA05129A61196247
:10B600002268936823F0700343F04703BEE70246C5
:10B6100082E710B50124036A01F01F018C4023EA80
:10B6200004030362036A8A401A43026210BD0000E9
:10B6300010B5044629B990F83E30012B1ED00120E8
:10B6400042E0042907D190F83F30012BF7D10223C3
:10B6500080F83F3015E008290CBF90F8403090F892
:10B660004130013B18BF0123002BE8D102230829F8
:10B670000CBF84F8403084F8413002E0022380F8A7
:10B680003E3001222068FFF7C4FF23680F4A93422F
:10B6900002BF536C43F4004353642368934209D0C0
:10B6A000B3F1804F06D00A4A934203D002F580627C
:10B6B000934204D19A6802F00702062A03D01A685E
:10B6C00042F001021A60002010BD00BF002C0140B2
:10B6D00000040040FFF7ACBF134BC0F88030134BA1
:10B6E000C0F88430124BC0F88830124BC0F88C3050
:10B6F000114BC0F89030114BC0F89430104BC0F88B
:10B700009830104BC0F89C300F4BC0F8A0300F4B56
:10B71000C0F8A4300E4BC0F8A8300E4BC0F8AC30C7
:10B720000D4BC0F8B030704721E1000879B0000837
:10B7300085B0000887B000087DB000087FB0000821
:10B740007BB0000881B0000883B0000889B0000811
:10B75000EBB80008EDB80008EFB8000810B50446D3
:10B7600068B390F83D3003F0FF0253B980F83C20F5
:10B77000FFF7B2FF836C0BB9124B83642046A36CB6
:10B7800098470223206884F83D30211DFFF7CAFD49
:10B790000123002084F8463084F83E3084F83F309E
:10B7A00084F8403084F8413084F8423084F84330E3
:10B7B00084F8443084F8453084F83D3010BD0120D1
:10B7C000FCE700BFB1E5000810B5044668B390F887
:10B7D0003D3003F0FF0253B980F83C20FFF77CFFB7
:10B7E000036E0BB9124B03662046236E9847022363
:10B7F000206884F83D30211DFFF794FD01230020CF
:10B8000084F8463084F83E3084F83F3084F8403085
:10B8100084F8413084F8423084F8433084F844306E
:10B8200084F8453084F83D3010BD0120FCE700BFAE
:10B8300089E5000830B590F83C200346012A4FF016
:10B84000020026D001221C6883F83C2083F83D00CA
:10B8500062680D6822F070022A43A06862601A686C
:10B860000C4CA2420AD0B2F1804F07D0A4F5943418
:10B87000A24203D004F58064A24204D1496820F0BA
:10B880008000014391600122002083F83D2083F86D
:10B890003C0030BD002C014090F83C300246012BAA
:10B8A00021D0012380F83C30CB68886823F44073B2
:10B8B0000343486823F480630343086823F4006368
:10B8C0000343086923F480530343486923F4005376
:10B8D00003430020C96923F480430B4311684B6480
:10B8E00082F83C00704702207047704770477047ED
:10B8F00010B501F097FC20B1D0E90030BDE8104050
:10B90000184710BD38B5EFF305831BB16FF0050480
:10B91000204638BDEFF31083002BF7D1094D2C687A
:10B92000022C06D1EFF31183002BEFD14FF0FF343F
:10B93000EEE7002CFAD1044801F0A2FE01232B60AF
:10B94000E6E700BF403500200C03002010B5EFF300
:10B95000058313B16FF0050010BDEFF31084002CC8
:10B96000F8D1094B1A68022A06D1EFF31183002B94
:10B97000F0D14FF0FF30EFE7012AFAD102221A602E
:10B9800000F012FE2046E7E740350020F0B51446EF
:10B99000002287B00B460592EFF3058252BBEFF30E
:10B9A00010823ABB264A1268022A02D1EFF31182B2
:10B9B00002BBF8B100228DF81320002C30D0216892
:10B9C00009B90DF11301A569002D08BF18256A1EDC
:10B9D000372AAC462AD86268D20727D4666966B18E
:10B9E000B208D4E9027E57B1BEF5D27F02D32469F2
:10B9F00004B1EEB9059807B0F0BD8022F1E7BEF1C1
:10BA0000000FF7D12469002CF4D105ACCDE900C4B6
:10BA100092B200F01CFD01281CBF00230593E9E74A
:10BA20004FF0180C80220DF11301EEE70020E2E741
:10BA3000CDE90147009500F0D1FC0590DAE700BFA1
:10BA400040350020F7B506460D4617461C46EFF375
:10BA5000058313B1002003B0F0BDEFF31083002B7A
:10BA6000F8D1164B1B68022B03D1EFF31183002B87
:10BA7000F0D1002EEED0082001F068FD034600282A
:10BA8000E8D02A1E18BF0122C0E900677CB12068F7
:10BA9000D4E9021441B12F2CDCD90191084900915D
:10BAA000012101F036FAD6E7002CD3D1044604492F
:10BAB00020460091012101F005FACCE74035002035
:10BAC000F1B8000807B50A46EFF3058323B16FF01C
:10BAD000050003B05DF804FBEFF31083002BF6D1F3
:10BAE0000B4B1B68022B03D1EFF31183002BEED11C
:10BAF00050B100230421009301F048FA012814BF3B
:10BB00006FF002000020E4E76FF00300E1E700BF00
:10BB100040350020034B0360034B0B608023136010
:10BB2000704700BF9C0F00209C0D0020034B03605A
:10BB3000034B0B6080231360704700BFF80B00209D
:10BB4000F80900204FF0FF3200F10803C0E902239A
:10BB50004360036100230360704700230361704763
:10BB600043684B609A688A60516099600861036815
:10BB700001330360704730B50C68631C0AD1036958
:10BB80005A684A6091608B605960086103680133AC
:10BB9000036030BD00F10802134652681568A542E3
:10BBA000FAD9EDE70369D0E901128A604168516072
:10BBB0005A68824204BF82685A60002202611A6891
:10BBC000013A1A601868704710B5044601F092FBFC
:10BBD000A46B01F0AFFBB4FA84F0400910BD70B55E
:10BBE0001646026C0446856B42B906689EB94068E9
:10BBF00001F0A4F866600135A56370BD6EB9806878
:10BC000002F09AFDA368226C13446268A360934219
:10BC100024BF2368A3600020EDE7C06802F08CFD1C
:10BC2000226CE36851429B1A2268E36093423EBF54
:10BC300063685B18E360022EEDD10DB1013DEAE7C8
:10BC40002846D8E703461A6C084610B462B1DC688F
:10BC5000596814448C4228BF1968DC6028BFD96039
:10BC6000D96810BC02F068BD10BC704770B50446BE
:10BC700001F040FB94F8455004F124066DB2002D0C
:10BC800014DCFF2384F8453001F054FB01F032FB53
:10BC900094F8445004F110066DB2002D12DCFF231D
:10BCA00084F84430BDE8704001F044BB636A002B67
:10BCB000E7D0304600F0E6FE08B100F06BFF013D32
:10BCC0006DB2DCE72369002BE9D0304600F0DAFEE4
:10BCD00008B100F05FFF013D6DB2DEE738B50D46FB
:10BCE000044640B94FF0500383F31188BFF36F8FC0
:10BCF000BFF34F8FFEE701F0FDFAD4E90F314B435C
:10BD00002268D0185B1A6060A26000201A44FF23EA
:10BD1000A063E26084F8443084F84530A5B9236913
:10BD200073B104F1100000F0ADFE48B14FF0E02314
:10BD30004FF08052C3F8042DBFF34F8FBFF36F8FC6
:10BD400001F0F8FA012038BD04F11000FFF7FAFE07
:10BD500004F12400FFF7F6FEF2E737B50D461C4666
:10BD600040B94FF0500383F31188BFF36F8FBFF3D7
:10BD70004F8FFEE743B94FF0500383F31188BFF3B1
:10BD80006F8FBFF34F8FFEE74AB191B94FF0500369
:10BD900083F31188BFF36F8FBFF34F8FFEE741B17D
:10BDA0004FF0500383F31188BFF36F8FBFF34F8FB2
:10BDB000FEE750230193019B502B08D04FF0500316
:10BDC00083F31188BFF36F8FBFF34F8FFEE701211D
:10BDD000002D08BF2246C4E90F0584F8461020460E
:10BDE0002260FFF77BFF20469DF8183084F84C3026
:10BDF00003B030BD2DE9FF410F461E4604460192B7
:10BE000040B94FF0500383F31188BFF36F8FBFF336
:10BE10004F8FFEE751B9036C43B14FF0500383F3EA
:10BE20001188BFF36F8FBFF34F8FFEE7022E0BD148
:10BE3000E36B012B08D04FF0500383F31188BFF35D
:10BE40006F8FBFF34F8FFEE700F068FF054630B3FA
:10BE500000254FF0000801F04DFAA26BE36B9A4207
:10BE600001D3022E27D1324639462046FFF7B7FECE
:10BE7000636A1BB104F1240000F004FE48B14FF0E6
:10BE8000E0234FF08052C3F8042DBFF34F8FBFF370
:10BE90006F8F01F04FFA012004B0BDE8F081019BE3
:10BEA000002BD6D04FF0500383F31188BFF36F8F70
:10BEB000BFF34F8FFEE7019B1BB901F03BFA002057
:10BEC000EAE715B902A800F01DFE01F033FA00F010
:10BED000BDFB01F00FFA94F84430FF2B08BF84F843
:10BEE000448094F84530FF2B08BF84F8458001F06A
:10BEF00021FA01A902A800F011FE38BB01F0FAF9FD
:10BF0000A26BE36B9A420ED101F014FA019904F18D
:10BF1000100000F07DFD2046FFF7A8FE00F042FC77
:10BF200048B1012597E701F005FA2046FFF79EFE8C
:10BF300000F038FCF5E74FF0E0234FF08052C3F8F3
:10BF4000042DBFF34F8FBFF36F8FEAE72046FFF753
:10BF50008DFE00F027FCB2E72DE9F843894617462D
:10BF60001E46044640B94FF0500383F31188BFF3D7
:10BF70006F8FBFF34F8FFEE751B9036C43B14FF0A2
:10BF8000500383F31188BFF36F8FBFF34F8FFEE72A
:10BF9000022E0BD1E36B012B08D04FF0500383F33B
:10BFA0001188BFF36F8FBFF34F8FFEE701F07AFA6E
:10BFB000EFF311884FF0500383F31188BFF36F8FB5
:10BFC000BFF34F8FA26BE36B9A4201D3022E1DD1B8
:10BFD00094F845503246494620466DB2FFF7FFFDC2
:10BFE0006B1C0ED1636A3BB104F1240000F04AFDE2
:10BFF00010B10FB101233B60012088F31188BDE827
:10C00000F88301356DB284F84550F5E70020F4E778
:10C010002DE9FF410E460446019240B94FF050030E
:10C0200083F31188BFF36F8FBFF34F8FFEE751B9D2
:10C03000036C43B14FF0500383F31188BFF36F8F4C
:10C04000BFF34F8FFEE700F069FE054618B30025E9
:10C050004FF0000801F04EF9A76B47B33146204678
:10C06000013FFFF7EFFDA763236973B104F11000EF
:10C0700000F008FD48B14FF0E0234FF08052C3F8C4
:10C08000042DBFF34F8FBFF36F8F01F053F90120E1
:10C0900004B0BDE8F081019B002BD9D04FF05003D4
:10C0A00083F31188BFF36F8FBFF34F8FFEE7019BC0
:10C0B0001BB901F03FF90020EAE715B902A800F02A
:10C0C00021FD01F037F900F0C1FA01F013F994F8FD
:10C0D0004430FF2B08BF84F8448094F84530FF2B90
:10C0E00008BF84F8458001F025F901A902A800F0F5
:10C0F00015FD00BB2046FFF767FDB0B1019904F1C3
:10C10000240000F085FC2046FFF7B0FD00F04AFB5C
:10C1100048B94FF0E0234FF08052C3F8042DBFF32D
:10C120004F8FBFF36F8F012594E72046FFF79EFDE9
:10C1300000F038FBF7E72046FFF798FD00F032FBF0
:10C140002046FFF741FD0028EDD0B4E770B5044666
:10C150000D46164601F0CEF894F84430FF2B04BF8C
:10C16000002384F8443094F84530FF2B04BF0023AB
:10C1700084F8453001F0DEF8A36B2BB9324629462E
:10C1800004F1240000F05EFC2046BDE87040FFF79B
:10C190006DBD00002DE9F041044601F0ABF82F4BD6
:10C1A0002F4E1A682F4F01321A603568002D49D181
:10C1B00034601B68012B1CD1B84640460135FFF79F
:10C1C000C1FC382D08F11408F7D1DFF89C80274D09
:10C1D0004046FFF7B7FC2846FFF7B4FC2448FFF7BA
:10C1E000B1FC2448FFF7AEFC234BC3F80080234B7F
:10C1F0001D601420224A136801331360214AC4F8D9
:10C2000038311168E36A8B4200FB037004F10401CA
:10C2100088BF1360FFF7A4FC01F08CF81A4B1B6871
:10C2200073B13368DA6AE36A9A4209D24FF0E023C5
:10C230004FF08052C3F8042DBFF34F8FBFF36F8FC1
:10C24000BDE8F081104B1A68E36A002AD1D1326848
:10C25000D26A9A4298BF3460CBE700BF6C350020A9
:10C26000283A0020C8350020B4350020A035002031
:10C2700084350020703500209C3500209835002042
:10C28000503500206435002060350020F8B50646A2
:10C29000144B154D1C6828680F460430FFF782FCCC
:10C2A000731C07D137B1296810480431BDE8F84044
:10C2B000FFF756BC2B68A4195C6007D30C4B1868B9
:10C2C0002968BDE8F8400431FFF755BC094B1868F0
:10C2D00029680431FFF74FFC074B1A68A24288BF58
:10C2E0001C60F8BD68350020283A00207035002019
:10C2F000983500209C3500204C35002008B501F011
:10C30000C7FCFCE7064A13681968064B19B94FF0D9
:10C31000FF321A6070471268D268D2685268F8E734
:10C320009C3500204C3500202DE9F0470D46DDE915
:10C330000994960032460746A521206B984602F0E4
:10C34000C9F9236B043E334423F0070AC4F834A12F
:10C350006B1E04F13302FE3513F8011F02F8011FB2
:10C3600009B1AB42F8D1089E0025372E28BF3726E9
:10C37000201DC4E95065E66284F83251FFF7EDFBF9
:10C38000C6F1380604F11800FFF7E7FB4C222946F6
:10C39000C4F89C51C4E952552461A661646284F8D2
:10C3A000A05104F5A87002F095F90B4B394603F142
:10C3B0006802C4F85431D033C4F85821504642467C
:10C3C000C4F85C3100F072FF2060B9F1000F01D0B9
:10C3D000C9F80040BDE8F087C43F002070B586B0C2
:10C3E000DDE90B5445B94FF0500383F31188BFF3D7
:10C3F0006F8FBFF34F8FFEE744B94FF0500383F3C5
:10C400001188BFF36F8FBFF34F8FFEE74FF4D276E3
:10C410000596059EB6F5D27F08D04FF0500383F302
:10C420001188BFF36F8FBFF34F8FFEE7256302259F
:10C4300084F8A15104AD01950A9D02940095FFF77F
:10C4400073FF2046FFF7A6FE049806B070BD2DE9E5
:10C45000F043074685B0900088461646994601F09D
:10C4600075F8054620B94FF0FF3005B0BDE8F08300
:10C470004FF4D27001F06AF8044698B1002380F8B6
:10C48000A1310D9B056301930C9B324641460290FE
:10C49000009338464B46FFF747FF2046FFF77AFEEA
:10C4A0000120E2E7284601F0B3F8DCE738B504469E
:10C4B00040B94FF0500383F31188BFF36F8FBFF380
:10C4C0004F8FFEE70F4B1B68834215D000F012FF21
:10C4D000656900F02FFF0C4B1B68AB420ED00B4B75
:10C4E0001B68AB420AD00A4B9D4209D1A36A002BBC
:10C4F00014BF0220032038BD0020FCE70220FAE729
:10C500000120F8E7283A00209C35002098350020CB
:10C510007035002070B5044640B94FF0500383F3E6
:10C520001188BFF36F8FBFF34F8FFEE7194D2B6854
:10C5300083422ED000F0DEFE6269174B9A4224D16E
:10C54000A36A164A934220D0FBB9261D3046FFF756
:10C5500029FB1420124AE36A11688B4288BF1360DA
:10C56000104A314600FB0320FFF7FAFA2B68E26A13
:10C57000DB6A9A4209D34FF0E0234FF08052C3F8B0
:10C58000042DBFF34F8FBFF36F8FBDE8704000F0F5
:10C59000D1BE70BD283A00207035002084350020BF
:10C5A00064350020C835002010B5002488B007AAE3
:10C5B00006A905A8CDE90544FFF7ACFA059B079A43
:10C5C0000293069B1A49CDE900431A482346FFF718
:10C5D00005FF58B300F044FC01281CD14FF0500374
:10C5E00083F31188BFF36F8FBFF34F8F124B134A42
:10C5F0001B6803F5A87313604FF0FF32104B1A60ED
:10C60000104B1860104B1C6001F032FB08B0BDE805
:10C61000104000F0EFBE013008D14FF0500383F31B
:10C620001188BFF36F8FBFF34F8FFEE708B010BDC7
:10C6300014EB0008FDC20008283A00202403002063
:10C640004C3500206035002068350020024A136810
:10C6500001331360704700BF48350020014B186854
:10C66000704700BF683500202DE9F74F424B1B682B
:10C67000002B77D1414B1C6801341C60BCB9404B86
:10C680001A68126842B14FF0500383F31188BFF368
:10C690006F8FBFF34F8FFEE73A4A19681068186032
:10C6A0001160394A136801331360FFF72BFE374DD1
:10C6B0004FF0000B2B68364EA342364F16D914218B
:10C6C0003A68D26A4A43B258022A334A28BF4FF026
:10C6D000010B12680AB901F0EFFA304A1268002A19
:10C6E0000CBF5846012003B0BDE8F08FDFF89090F2
:10C6F000DFF8ACA0D9F8002012681AB94FF0FF3269
:10C700002A60DCE7D9F80020D268D2F80C80D8F88B
:10C7100004108C4201D22960D1E708F104031846C5
:10C720000193FFF73FFAD8F8281019B108F1180063
:10C73000FFF738FA1423D8F82C00DAF800108842F2
:10C7400088BFCAF8000008F1040103FB0060FFF78E
:10C7500007FA3868D8F82C10C26A914228BF4FF007
:10C76000010BC7E70C4A4FF0000B1368013313604D
:10C7700001F0A2FAB1E700BF48350020683500207B
:10C780009C35002098350020543500204C35002081
:10C79000C8350020283A00205C350020583500209C
:10C7A000643500202DE9F041304C236843B94FF047
:10C7B000500383F31188BFF36F8FBFF34F8FFEE7F2
:10C7C00000F098FD2368013B236024682CB100240D
:10C7D00000F0B0FD2046BDE8F081254B1B68002B22
:10C7E000F5D0244D244EDFF894801DE0EB68DC6822
:10C7F000271D04F11800FFF7D5F93846FFF7D2F9E5
:10C800001420E36A326800FB03809342394688BFF4
:10C810003360FFF7A5F91A4BE26A1B68DB6A9A429C
:10C8200002D30122174B1A602B68002BDED10CB10A
:10C83000FFF768FD144D2C6844B10127114EFFF736
:10C8400013FF00B13760013CF9D12C600D4B1B6820
:10C85000002BBCD04FF0E0234FF08052C3F8042DE2
:10C86000BFF34F8FBFF36F8F0124B1E7483500202E
:10C870006C3500208435002064350020C835002048
:10C88000283A0020583500205C350020F8B52C4BA4
:10C890001A682C4B12B101221A60F8BD1A6001F01F
:10C8A000F1F9294A294C1568A84206D92168D1F81E
:10C8B0004C315B1B0344C1F84C31236810601B6B87
:10C8C0001A68B2F1A53F0BD15A68B2F1A53F07D162
:10C8D0009A68B2F1A53F03D1DB68B3F1A53F04D05C
:10C8E00020682168343101F005FA1427184E1949DF
:10C8F000326807FB02F3CD58C818ADB1456808335C
:10C900006D680B4445609D4204BF6B68436014230F
:10C9100003FB02114B68DB682360326023680E4A18
:10C9200003F5A8731360B8E742B94FF0500383F3DF
:10C930001188BFF36F8FBFF34F8FFEE7013AD8E73F
:10C94000483500205835002044350020283A002082
:10C9500064350020C83500202403002070B504464B
:10C96000264D00F0C7FC04B92C68261D3046FFF7A1
:10C9700019F9A36A1BB104F11800FFF713F9314646
:10C980001F48FFF7EDF894F8A0311E4E012B04BFAD
:10C99000002384F8A03100F0CDFC33682BB100F007
:10C9A000A9FCFFF7AFFC00F0C5FC2B68A34217D130
:10C9B0003368B3B1144B1B6843B14FF0500383F39A
:10C9C0001188BFF36F8FBFF34F8FFEE74FF0E02367
:10C9D0004FF08052C3F8042DBFF34F8FBFF36F8F1A
:10C9E00070BD074A1168094A1268914201D12B6053
:10C9F000F6E7BDE87040FFF749BF00BF283A0020C6
:10CA00007035002060350020483500206C3500204E
:10CA100010B50C4640B94FF0500383F31188BFF3B3
:10CA20006F8FBFF34F8FFEE7054B19681831FFF783
:10CA3000A2F82046BDE810400121FFF727BC00BF47
:10CA4000283A002038B50D46144640B94FF050033F
:10CA500083F31188BFF36F8FBFF34F8FFEE7084B4F
:10CA600019681831FFF77CF8002C214608BF2846CA
:10CA7000BDE8384018BF4FF0FF30FFF707BC00BFDC
:10CA8000283A002038B5C368DC6844B94FF0500339
:10CA900083F31188BFF36F8FBFF34F8FFEE704F16D
:10CAA00018052846FFF77EF8104B1B68DBB9251DDB
:10CAB0002846FFF777F80E4A14201168E36A8B4284
:10CAC000294688BF13600B4A00FB0320FFF748F894
:10CAD000094BE26A1B68DB6A9A4285BF0120074B5B
:10CAE0000020186038BD29460548EFE7483500208A
:10CAF00064350020C8350020283A00205835002031
:10CB000084350020034B1B680360034B1B684360A4
:10CB1000704700BF543500206835002070B50C46C2
:10CB2000054640B94FF0500383F31188BFF36F8F70
:10CB3000BFF34F8FFEE741B94FF0500383F31188E5
:10CB4000BFF36F8FBFF34F8FFEE700F0D3FB0F4BA8
:10CB5000196823685A1C10D00D482E6800686A684E
:10CB6000864201D08A420FD9881A83420AD95B1AB9
:10CB7000134428462360FFF7C5FF002400F0DAFBCA
:10CB8000204670BD002323600124F7E768350020AC
:10CB9000543500200122014B1A607047583500209F
:10CBA00070B50D461646044608B91C4A146804F1CF
:10CBB00034022C606A60E26A052B2A61226BEA610A
:10CBC000D4F83821AA60D4F840216A61D4F84C2105
:10CBD000AA611BD0114A1268A2420BD100232B7309
:10CBE00036B10022216B8B5CA52B14D0C2F38F06CB
:10CBF0002E8470BD032B2B73F2D1FFF727FDA36AA0
:10CC00000BB102232B73FFF7CDFDE9E72046FFF7B9
:10CC10004DFC2873E4E70132E5E700BF283A002025
:10CC20002DE9F84F0D6806460C4617462DB3002532
:10CC30004FF0240B4B6801F108085B6843454B60DB
:10CC400004BFCB684B604B68D3F80CA063680BFB48
:10CC500005615B6801226360984508BFD8F804301D
:10CC600005F1010508BF63606368D3F80C903B468B
:10CC70004846FFF795FFCA45E8D12846BDE8F88F3A
:10CC80002DE9F0471646FFF7E1FC1F4B05461B68F0
:10CC90008B4236D84FF0380800244FF0140A24276E
:10CCA000DFF8689008F1FF3807FB045001220AFB07
:10CCB0000891FFF7B5FF0444B8F1000FF2D1144B0F
:10CCC00007FB045019680222FFF7AAFF114B044426
:10CCD00007FB045019680222FFF7A2FF044407FB78
:10CCE000045003220C49FFF79BFF05462EB92C4444
:10CCF000FFF758FD2046BDE8F08700F0C3FF306025
:10CD0000F5E70024F4E700BF6C350020C8350020AB
:10CD10009C3500209835002070350020054B1B689D
:10CD200033B1054B1868B0FA80F0400940007047F5
:10CD300001207047603500204835002038B508B91B
:10CD4000002038BD1D4B1C68844208D04FF05003B2
:10CD500083F31188BFF36F8FBFF34F8FFEE7D4F8D3
:10CD6000443143B94FF0500383F31188BFF36F8F01
:10CD7000BFF34F8FFEE7E16AD4F84021013B9142B7
:10CD8000C4F84431DCD0002BDAD1251D2846FEF74B
:10CD900009FF1420D4F84031C3F13802A261084AD7
:10CDA000E36211688B4288BF1360064A294600FB84
:10CDB0000320FEF7D5FE0120C3E700BF283A00207C
:10CDC00064350020C8350020914208B541600061FB
:10CDD0000AD8D21A83699A420DD2084B011D1868ED
:10CDE000FEF7C9FE002008BD9A4201D2994202D244
:10CDF000034B011DF3E70120F5E700BF003B0020D6
:10CE0000043B0020F7B50F4C00F074FA25689DB97B
:10CE10000D4F0E4E3846FEF795FE3046FEF792FE59
:10CE20000B4B0C211F600B4B0A201E600A4A0B4B58
:10CE30000095FEF792FF206003B0BDE8F04000F0DF
:10CE400079BA00BFFC3A00201C3B0020083B0020C0
:10CE5000043B0020003B00207C3A00202C3A0020BC
:10CE600010B588B0FFF7CEFF124B1B68B3B100249A
:10CE700007AA06A905A8CDE90544FEF757FE059BBC
:10CE8000079A0293069B0C49019335230B480093A4
:10CE90002346FFF7A3FA0A4B186040B94FF050033E
:10CEA00083F31188BFF36F8FBFF34F8FFEE701202D
:10CEB00008B010BDFC3A002019EB000881D0000832
:10CEC000F83A00202DE9F041804630200D46174603
:10CED0001E4600F03BFB0446C0B145B94FF050037D
:10CEE00083F31188BFF36F8FBFF34F8FFEE7FFF718
:10CEF00089FF069BC4E906576362C4F80080266276
:10CF0000201DFEF72AFE002384F82C302046BDE8C1
:10CF1000F0812DE9F3411E4630230193019B8046A9
:10CF2000302B0D461746099C08D04FF0500383F371
:10CF30001188BFF36F8FBFF34F8FFEE744B94FF0F7
:10CF4000500383F31188BFF36F8FBFF34F8FFEE75A
:10CF500041B94FF0500383F31188BFF36F8FBFF3D4
:10CF60004F8FFEE7FFF74EFF089B201D6362C4E969
:10CF70000657C4F800802662FEF7EFFD0123204625
:10CF800084F82C3002B0BDE8F08100007FB5164671
:10CF900004461A4640B94FF0500383F31188BFF39B
:10CFA0006F8FBFF34F8FFEE70C4D286878B10529CE
:10CFB000CDE9011603940CDCFFF7B0FE0023022834
:10CFC00014BF1A46089A286801A9FEF713FF04B097
:10CFD00070BD002301A9FEF7BFFFF8E7FC3A00206F
:10CFE0002DE9F3470646FFF739FBDFF88880054651
:10CFF000D8F80030834209D91F4F3B681A686AB9D4
:10D000001E4A116813603960012300E0002328469E
:10D010003360C8F8005002B0BDE8F087DB68DC6818
:10D02000D3F8009004F1040A5046FEF7BBFD636A92
:10D0300020469847E369012BDFD1A3694B4499450A
:10D0400006D25146386863602461FEF794FDD4E748
:10D0500000234A46194620460093FFF797FF002811
:10D06000CBD14FF0500383F31188BFF36F8FBFF321
:10D070004F8FFEE7F43A0020043B0020003B0020E5
:10D080002DE9F043644E654F87B033681D68002D6D
:10D0900033D0DB68D3F80080FFF7D8FA03A8FFF796
:10D0A0009FFF039C8146002C75D1002D58D0404530
:10D0B0005CD3FFF777FB3368DB68DD68281DFEF77C
:10D0C00071FDEB69012B1AD1A96943464A462846EE
:10D0D0004144FFF779FE90B1234642462146284657
:10D0E0000094FFF753FF50B94FF0500383F31188BA
:10D0F000BFF36F8FBFF34F8FFEE7A846CCE72846FC
:10D100006B6A98470022386803A9FEF781FF002860
:10D11000BBD0039B002BF5DB059C636913B1201D7D
:10D12000FEF740FD02A8FFF75BFF039B0246092BB9
:10D13000E8D801A151F823F09DD100089DD1000845
:10D140009DD1000805D10008E1D1000805D20008F2
:10D150009DD100089DD1000805D10008E1D100084B
:10D160002F4B1B681C68B4FA84F4640922463868A3
:10D17000A8EB0901FEF7EAFFFFF714FB0028C1D175
:10D180004FF0E0234FF08052C3F8042DBFF34F8FD0
:10D19000BFF36F8FB6E7FFF705FBB3E7A169049B09
:10D1A00020461944FFF710FE0028ABD0636A2046E2
:10D1B0009847E369012BA5D10023A2690499204671
:10D1C0000A4400931946FFF7E1FE00289AD14FF078
:10D1D000500383F31188BFF36F8FBFF34F8FFEE7C8
:10D1E0000499A16141B94FF0500383F31188BFF353
:10D1F0006F8FBFF34F8FFEE7034601442046FFF7D2
:10D20000E3FD7FE794F82C30002B7FF47BAF2046C2
:10D2100000F0FEF976E700BF043B0020FC3A002056
:10D22000003B002010B5044640B94FF0500383F393
:10D230001188BFF36F8FBFF34F8FFEE700F05AF8EE
:10D24000246A00F077F8204610BD00000648006808
:10D25000006880F3088862B661B6BFF34F8FBFF3F2
:10D260006F8F00DF00BF000008ED00E0002382B0F8
:10D2700001930D4B1B68013308D04FF0500383F32B
:10D280001188BFF36F8FBFF34F8FFEE74FF050034E
:10D2900083F31188BFF36F8FBFF34F8F019B002B78
:10D2A000FCD002B0704700BF1C0300204FF0807319
:10D2B00040F8043C054B21F0010140F8081C40F8FF
:10D2C0000C3C40F8202C4038704700BF6DD200085D
:10D2D000074B19680868B0E8F00F80F30988BFF3BE
:10D2E0006F8F4FF0000080F311884EF00D0E7047E5
:10D2F000283A00204FF0500383F31188BFF36F8F5B
:10D30000BFF34F8F0A4A13680133012B13600ED10C
:10D310004FF0E023D3F8043DDBB243B14FF05003AC
:10D3200083F31188BFF36F8FBFF34F8FFEE7704712
:10D330001C030020084A136843B94FF0500383F3DD
:10D340001188BFF36F8FBFF34F8FFEE7013B136070
:10D350000BB983F3118870471C0300200000000004
:10D36000EFF30980BFF36F8F0D4B1A6820E9F00FC0
:10D3700010602DE908404FF0500080F31188FFF74E
:10D3800085FA4FF0000080F31188BDE80840196865
:10D390000868B0E8F00F80F30988BFF36F8F70471B
:10D3A000283A002008B54FF0500383F31188BFF3EB
:10D3B0006F8FBFF34F8FFFF757F928B14FF0E0237E
:10D3C0004FF08052C3F8042D002383F3118808BD69
:10D3D0004FF0E02200234FF47A7113619361044B04
:10D3E0001B68B3FBF1F3013B5361072313617047E3
:10D3F0002003002013B5274B1A78D2B20192FF22E6
:10D400001A701B78244ADBB28DF803309DF8033084
:10D4100003F0500313700723204A13609DF8031094
:10D42000136809060AD4032B11D04FF0500383F37D
:10D430001188BFF36F8FBFF34F8FFEE7013B13607F
:10D440009DF803305B00DBB28DF80330E6E74FF464
:10D4500040731360019B0F4ADBB213704FF0E0235F
:10D460000024D3F8202D42F47002C3F8202DD3F805
:10D47000202D42F07042C3F8202DFFF7A9FF084B82
:10D480001C60FFF7E3FEFFF701FA2046FFF7EEFE10
:10D4900002B010BD00E400E0343B0020303B00202F
:10D4A0001C030020EFF305830F2B0ED9114A9B5C60
:10D4B000114A12789A4208D94FF0500383F3118829
:10D4C000BFF36F8FBFF34F8FFEE74FF0E0230B4AA0
:10D4D000D3F80C3D126803F4E063934208D94FF08F
:10D4E000500383F31188BFF36F8FBFF34F8FFEE7B5
:10D4F000704700BFF0E300E0343B0020303B0020E9
:10D5000010B5104B1A461B688342FBD3546811199F
:10D51000884201BF416810460919516044680119E9
:10D520008B420DD1084909688B4204D05B682344C3
:10D530004360136819689042016018BF106010BD05
:10D540001946F8E7483B0020443B00202DE9F04114
:10D550002A4E0446336843B94FF0500383F31188D1
:10D56000BFF36F8FBFF34F8FFEE7FFF76FF8244BCA
:10D570001F68274207D0FFF715F9002600F0BEFB11
:10D580003046BDE8F081002CF5D004F108036207B5
:10D590001CBF23F007030833002BECD0DFF86480B6
:10D5A000D8F800509D42E6D3174A14686168994242
:10D5B00001D22168F9B93168A142DCD0216816682E
:10D5C000116062680836D21A102A04D9E018426045
:10D5D0006360FFF795FF00230C4962680868AD1A85
:10D5E0001743854267602360C8F8005038BF0D605C
:10D5F000FFF7D8F8C4E722460C46D7E7443B0020A3
:10D60000383B0020403B0020483B00203C3B0020B2
:10D6100010B5044670B3184A50F8043C126813421F
:10D6200008D14FF0500383F31188BFF36F8FBFF31E
:10D630004F8FFEE750F8081C41B14FF0500383F3C1
:10D640001188BFF36F8FBFF34F8FFEE723EA02030A
:10D6500040F8043CFEF7FAFF084A54F8043C11680D
:10D66000A4F108000B441360FFF74AFFBDE8104027
:10D67000FFF798B810BD00BF383B0020403B0020AA
:10D680002DE9F043374E3268002A5DD04FF0500349
:10D6900083F31188BFF36F8FBFF34F8FFEE750F80E
:10D6A000341011F0070F07D001F1070929F007091D
:10D6B0000B444946A3EB09034CBBC7E900140B44D8
:10D6C000083B23F00703A3EB0108C3E900CCC1E941
:10D6D000003802B111604A684FF0010815441A463B
:10D6E00001345EF83430002BD9D1B8F1000F00D0EE
:10D6F00032601D4B1D601D4B1D606DBB4FF0500314
:10D7000083F31188BFF36F8FBFF34F8FFEE762B9CA
:10D71000B8F1000F00D032604FF0500383F311884E
:10D72000BFF36F8FBFF34F8FFEE78A42C7D3B8F1C5
:10D73000000F00D032604FF0500383F31188BFF325
:10D740006F8FBFF34F8FFEE7904614461546944601
:10D75000074F00F1040EC4E74FF00042054B1A607A
:10D76000BDE8F083443B00203C3B0020403B0020D0
:10D77000483B0020383B002030B58BB018220021F8
:10D7800004A800F0A7FF3148314A002302604FF49B
:10D790008072CDE901330393826003734FF46022FA
:10D7A000037543600523C2610361FBF74BFF08B1BA
:10D7B00000F0C0FC274B40F6FF71049340F24C434D
:10D7C0000124CDE907130423204804A905938DF80B
:10D7D0001840FBF719FE08B100F0ACFC07231B480A
:10D7E00001A9CDE901440393FBF78CFD08B100F0DA
:10D7F000A1FC0223154801A9CDE90133FBF782FD05
:10D8000008B100F097FC0425032310480DEB050137
:10D81000CDE90153FBF776FD08B100F08BFC052440
:10D820000A4801A9CDE90145FBF76CFD08B100F0FC
:10D8300081FC1023054801A9CDE90134FBF762FD05
:10D8400008B100F077FC0BB030BD00BF943B002066
:10D85000002401400002800030B5054687B0102248
:10D86000002102A800F036FF2A681D4B9A4235D1EC
:10D8700003F56C439A691B4842F400729A619A69F5
:10D8800002A902F400720092009A9A69164C42F0C2
:10D8900004029A619B69362203F004030193019B01
:10D8A0000323CDE90223FCF783FE80204FF480722E
:10D8B0000023C4E903024FF480620C49C4E9052344
:10D8C000C4E90013A3604FF440532046E361FCF722
:10D8D000A7FB08B100F02EFC2C62656207B030BDDA
:10D8E0000024014000080140503B00200800024095
:10D8F00006234B484B4A70B54FF4E021C0E90023A2
:10D900004FF40013C0E904134FF001330024836186
:10D9100040F201138AB0C0E902448383FBF7C0FFE1
:10D9200008B100F007FC0D2301254FF6E076CDE9A4
:10D9300005344EF2400369463948CDE90034CDE95B
:10D940000264079504950895FCF768F80A23CDE969
:10D9500005344FF4206369463148CDE90034CDE900
:10D960000264079504940895FCF758F80923CDE95B
:10D97000053447F6E07369462948CDE90034CDE91E
:10D980000264079504940895FCF748F80823CDE94C
:10D9900005344FF4784369462148CDE90034CDE998
:10D9A0000264079504940895FCF738F80723CDE93D
:10D9B00005344FF4975369461948CDE90034CDE951
:10D9C0000264079504940895FCF728F80623CDE92E
:10D9D000053444F2400369461148CDE90034CDE9ED
:10D9E0000264079504940895FCF718F80523CDE91F
:10D9F00005344FF45A4369460948CDE90034CDE96E
:10DA00000264079504940895FCF708F80448FCF7AD
:10DA10007CF848F636710248FCF778F90AB070BD18
:10DA2000E03B00200064004010B5044686B01022A0
:10DA3000002102A800F04EFE2268164B9A4227D120
:10DA400003F5D633DA69144842F00072DA61DA6914
:10DA500002A902F000720092009A9A6942F0040250
:10DA60009A619B6903F004030193019B4FF40063E7
:10DA7000029301230493FCF79BFD4FF48051022392
:10DA8000CDE902130323044802A90593FCF790FD96
:10DA900006B010BD006400400008014008B505480C
:10DAA000054B0360FCF796FA18B1BDE8084000F09A
:10DAB00041BB08BD443C0020003002400268084BD6
:10DAC00082B09A420AD1A3F500535A6942F040024B
:10DAD0005A615B6903F040030193019B02B07047F8
:10DAE00000300240064B82B05A6942F001025A618E
:10DAF0005B6903F001030193019B02B0704700BF13
:10DB00000010024008B5FBF72BFAFAF771FAF7F7A5
:10DB1000DFFE0020FEF722FFF5E700002DE9F74FBA
:10DB20004FF0000A2D4DDFF8B89024212D4BDFF87F
:10DB3000B8801C68DFF8B4B001341C602C4B1A7834
:10DB40002C4B01FB02339869F6F7B8F9D8F80010AE
:10DB50000646F6F701F9284B2A681860E2B12B68EF
:10DB600049460193F6F702FA07460198F6F7A6F937
:10DB700001463846F6F7AEFAF6F7D4FBB0F57A7FF1
:10DB800028BF4FF47A700A22B0FBF2F0C0F16400B3
:10DB9000F6F794F9CBF80000184FDBF8001038685E
:10DBA000F6F7DCF80C22B4FBF2F302FB1343386007
:10DBB000C5F800A0C8F800605BB954B11049F6F789
:10DBC00089FA104B1860F6F7ADFB0F4B1870002365
:10DBD0003B600020FEF7C2FEA7E700BF703C0020BC
:10DBE00000007A44883C0020803C0020783C0020E3
:10DBF000953C0020983C00207C3C0020743C002098
:10DC000000004041843C0020943C002008B5F6F719
:10DC1000E7FB0020FEF7A2FEF9E708B5F9F716FFCB
:10DC20000020FEF79BFEF9E708B50C4A13680133A4
:10DC300013605A0704D11BB1094B1868FEF76AFC40
:10DC4000084B1868FEF766FC074B1868FEF762FC85
:10DC5000064B1868BDE80840FEF75CBC4C3C002051
:10DC6000543C00205C3C0020603C0020583C0020DC
:10DC70000022024B02481A60FDF708BA703C0020EF
:10DC80005C3E0020014B1868704700BF703C0020CC
:10DC9000064A0748D2E90031013341F10001C2E9E7
:10DCA00000310721034AFEF7EBBF00BF683C0020AC
:10DCB000983C00208C3C002008B50A4A13680133C8
:10DCC0001360094B1B78022B0BD80848FBF7C6FBE7
:10DCD000C30506D4BDE80840052205490348FBF703
:10DCE000FBBB08BD903C002005030020943B0020B6
:10DCF0009C3D0020CB210846FBF7D8B9CC21084633
:10DD0000FBF7D4B910B5154B002201211448FDF7DB
:10DD100099FE144C00212060134A1448FDF736FE8A
:10DD2000134B00211860134A1348FDF72FFE134BC5
:10DD300000211860124A1348FDF728FE124B0021FB
:10DD40001860124A1248FDF721FE124B0521186097
:10DD50002068BDE81040FDF7B5BE00BF4CEB0008E1
:10DD600029DC0008503C0020C8EB000805DB000857
:10DD7000603C0020A4EB00080DDC00085C3C0020A7
:10DD800080EB00081BDC0008583C00205CEB00081E
:10DD90001DDB0008543C0020102230B589B00DEB8B
:10DDA0000200002100F096FC294B2A4D9A69284672
:10DDB00042F010029A619A6940F2024102F01002A8
:10DDC0000092009A9A69032442F020029A619A69AB
:10DDD00002F020020192019A9A6942F004029A61CB
:10DDE0009A6902F004020292029A9A6942F00802C9
:10DDF0009A619B69002203F008030393039BFCF7DD
:10DE0000E3FC4FF4604304A91348CDE90434FCF764
:10DE1000CFFB48F2C86304A91048CDE90434FCF7ED
:10DE2000C7FB4FF6FD33284604A9CDE90434FCF7BF
:10DE3000BFFB40F202420123CDE90423022328461E
:10DE400004A9CDE90634FCF7B3FB09B030BD00BF2F
:10DE500000100240000C0140001001400008014089
:10DE60002DE9F84F7D4B7E4E1868F6F727F87D4B6D
:10DE700004461868F6F722F807467088F6F71EF889
:10DE80002146F6F727F93946F6F770F88146F0880B
:10DE9000F6F714F82146F6F71DF97349F6F766F818
:10DEA00005463089F6F70AF82146F6F713F93946A0
:10DEB000F6F75CF86D4907462846F6F709FA00B10F
:10DEC0006A4D29466A48F5F747FF6A4B6A4980461A
:10DED0001C68F6F707FA002836D0684B1868F5F783
:10DEE000EDFF2946F6F742F84146F6F7F3F86249A6
:10DEF0000546F6F7F7F938B3614B1868F5F7DEFF1A
:10DF000001462846F6F7E6F800F024FC5D4B05468E
:10DF10001868F5F7D3FF01462846F6F7DBF82146E7
:10DF200005464FF07E50F6F7D5F801462846F5F73E
:10DF300015FF51490546F6F7D5F928B129464FF0A6
:10DF40007E50F6F7C7F804464F4BB0881C60F5F7D3
:10DF5000B9FF4E4BDFF838B11968F6F707F84D4BAB
:10DF60001968F5F7FBFE80463088F5F7ABFF4A4BA2
:10DF70001968F5F7FBFF494B1968F5F7EFFE484BB9
:10DF8000824619684846F5F7E7FE464B1968F5F7EB
:10DF9000EDFF454BDBF80060D3F8009031460546B5
:10DFA000F5F7DAFE4946F5F7E1FF3146F5F7D6FE1B
:10DFB000CBF80000DFF8F4B00646DBF80010284686
:10DFC000F6F790F908B1CBF8005030463849F6F72B
:10DFD00081F8384B364918602846F6F77BF8364BFF
:10DFE000364E18602846F6F79DF9354B18604046C6
:10DFF000F6F798F9334B18805046F6F793F9324B01
:10E0000039461880314B1868F5F7A6FE304B196871
:10E01000F6F760F82F4B1968F5F7A0FE2E4B37681E
:10E02000196805462046F5F797FE3946F5F794FE40
:10E030004946F5F79BFF3946F5F790FE274C3060CF
:10E04000266828463146F5F787FE4946F5F78EFFE4
:10E050003146F5F783FE2060BDE8F88FB800002058
:10E060009C3D0020BC00002033335340CFF79F403D
:10E070000000A040840000206F12833AB40000200A
:10E080009400002090000020983D00209C0000207B
:10E09000943D002098000020A4000020A000002053
:10E0A000600000206400002068000020A40400201C
:10E0B00000007A44A0040020A8040020AC04002042
:10E0C000EC0400202E0100202C0100208000002004
:10E0D0007C00002078000020740000209C040020B8
:10E0E000C36A83B14FF6FF737D21074A0846136068
:10E0F000064A1380064A1380064B074A1360074AF4
:10E100001360FAF7D3BF7047EC0400202E01002003
:10E110002C010020286B6E4EAC0400209C040020D3
:10E120000268034B9A4201D1FBF724B8704700BF45
:10E1300000080040C4210846FAF7B8BF10B594B0F3
:10E14000142200210CA800F0C5FA142200210DEBC6
:10E15000020000F0BFFA1022002101A800F0BAFA74
:10E1600002244FF480330122CDE91143CDE90A2383
:10E170004FF4E0130AA80E921393FCF797FB08B133
:10E18000FFF7D8FF0F234FF48062CDE90534002359
:10E19000022105A8CDE907320993FCF743FD08B138
:10E1A000FFF7C8FF022301934FF4004301A8039334
:10E1B000FCF716FE08B1FFF7BDFF14B010BD00005C
:10E1C00037B50024FAF7C4FF5D4B5E4DCDE900433F
:10E1D000FFF7B4FFFFF7E0FDFFF784FCFFF7CCFA91
:10E1E00000F022FAFFF784FBFFF758FC00F098F9E3
:10E1F000224607211320FBF7AFFE1320FBF7DCFEBE
:10E20000224608211420FBF7A7FE1420FBF7D4FEBA
:10E21000224607211520FBF79FFE1520FBF7CCFEB9
:10E2200022460B211620FBF797FE1620FBF7C4FEB3
:10E2300022460F210520FBF78FFE0520FBF7BCFED1
:10E2400022460F210420FBF787FE0420FBF7B4FED3
:10E25000224607210120FBF77FFE0120FBF7ACFEE1
:10E2600022460A210B20FBF777FE0B20FBF7A4FECA
:10E2700022460F211B20FBF76FFE1B20FBF79CFEA5
:10E2800022460F211A20FBF767FE1A20FBF794FEA7
:10E2900022460F211920FBF75FFE1920FBF78CFEA9
:10E2A00022460F211820FBF757FE1820FBF784FEAB
:10E2B000224609211220FBF74FFE1220FBF77CFEBD
:10E2C000224605211D20FBF747FE1D20FBF774FEAB
:10E2D00021462846FDF7FEF940F202222B686846E7
:10E2E0005A63FCF777FAFCF7AFFA1748FBF742FAE4
:10E2F0001548FBF759FA052214491348FBF7ECF8C7
:10E300000423134A134912F8014B11F8010B8442FC
:10E3100010D040220021104800F0DCF9FAF7B4FDDB
:10E32000FAF77EF862B6FDF7EDFAFFF7EBFCFDF7C2
:10E330000DFBFEE7013B13F0FF03E4D1EEE700BF66
:10E3400002000100103F0020943B00209C3D002073
:10E35000D64F002051010020C04F002007B5114BBF
:10E360000F219A696FF0010042F001029A619A69E7
:10E3700002F001020092009ADA6942F08052DA61FA
:10E38000DB69002203F080530193019BFBF7E4FD5E
:10E39000054A536823F0E06343F00073536003B011
:10E3A0005DF804FB0010024000000140FAF7E2BEF5
:10E3B00070B5234B88B0DA69054642F00402DA6191
:10E3C000DB6901A903F00403029303A8029BFCF795
:10E3D000E9FC069B73BBFCF7C5FC1A4E1A4B336075
:10E3E00040F2E733F360194BB0FBF3F3013B73608A
:10E3F000002330463361B360B361FDF7AFF90446E3
:10E4000080B93046FCF742FE044658B91E20FBF79F
:10E41000D3FD0F2D12D8224629461E20FBF79CFD66
:10E420000B4B1D600E210B4A0648FCF70CFF2046E3
:10E4300008B070BDFCF796FC4000CEE70124F1E780
:10E4400000100240A83D00200008004040420F009C
:10E4500008030020ADE30008012108B50846FAF7DB
:10E4600025FEFEE7022108B50846FAF71FFEFEE783
:10E47000032108B50846FAF719FEFEE7042108B59E
:10E480000846FAF713FEFEE7052108B50846FAF735
:10E490000DFEFEE77047002108B50846FAF706FEB4
:10E4A000BDE80840FCF7F4B9FBF7F4BE7047000084
:10E4B0000148FBF72DBE00BF503B00200148FAF792
:10E4C000B0BE00BF943B00200148FBF730BC00BF4A
:10E4D000E03B0020FFF7F8BFFFF7F6BFFFF7F4BF00
:10E4E0000148FCF7FDBD00BF103F0020FFF7F8BF5B
:10E4F000FFF7F6BFFFF7F4BF034A04481368013380
:10E500001360FCF7EDBD00BF703C00205C3E0020B6
:10E510000148FCF7E5BD00BFA83D002070470000A2
:10E520007FB51022002102A800F0D4F8632214481D
:10E5300014490023C0E9001240F2E732CDE900336C
:10E54000C0E9032383608361FDF708F908B1FFF791
:10E55000F1FD4FF480530A4802A90293FCF7B4FF7F
:10E5600008B1FFF7E7FD002369460548CDE9003310
:10E57000FDF760F908B1FFF7DDFD07B05DF804FBBA
:10E580005C3E0020000400400268084B82B09A42C2
:10E590000AD103F564439A6942F400629A619B6967
:10E5A00003F400630193019B02B07047002C01400B
:10E5B0000268084B82B09A420AD103F50333DA6944
:10E5C00042F00202DA61DB6903F002030193019B6E
:10E5D00002B070470004004010B5044686B0102217
:10E5E000002102A800F076F822680D4B9A4215D15E
:10E5F00003F564439A690B4842F004029A619B69EF
:10E600004FF4807203F004030193019B0223CDE9D0
:10E610000223032302A90593FBF7CAFF06B010BD2E
:10E62000002C01400008014010B5002492B01C22CB
:10E63000214603A8CDE9014400F04CF821462022F0
:10E640000AA800F047F8012320482149C0E9054401
:10E65000C0E9001340F203438460C0E90334FDF7CE
:10E66000B3F808B1FFF766FD184801A9CDE90144E8
:10E67000FDF7E0F808B1FFF75DFD0024602240F2ED
:10E6800002231248CDE9032303A92246CDE905441C
:10E69000CDE907440994FCF7A9FE08B1FFF74AFD4C
:10E6A0004FF4005309480AA9CDE90A44CDE90C44C6
:10E6B0000E940F931194FDF7EFF808B1FFF73AFDB0
:10E6C0000248FFF789FF12B010BD00BF103F0020C5
:10E6D000002C014003460244934200D1704703F8E6
:10E6E000011BF9E7014B1868704700BF24030020A5
:10E6F00070B500260C4D0D4C641BA410A64209D128
:10E7000000F082F900260A4D0A4C641BA410A642B0
:10E7100005D170BD55F8043B98470136EEE755F832
:10E72000043B98470136F2E704EC000804EC0008CB
:10E7300004EC000808EC00080A44914200F1FF33A1
:10E7400000D1704710B511F8014B914203F8014F09
:10E75000F9D110BD38B5044600F028F82146054629
:10E760002046F5F7C9FD70B900212046F5F7BAFD3E
:10E7700048B900212046F5F78DFD30B1FFF7B2FF13
:10E780002223064D0360284638BDFFF7ABFF212347
:10E7900003600348BDE8384000F004B8000080FF83
:10E7A00018EB0008004870470000C07F30F00042BE
:10E7B00001462DE9F84F06D100214FF04C40F5F706
:10E7C00089FCBDE8F88F0028044603DAF5F7C4FA9F
:10E7D0000021F4E7B0F1FF4F02DBF5F7BFFAF0E7F5
:10E7E000B0F5000F35DA4FF09841F5F7BFFB6FF049
:10E7F00018030446E7157F3F1F44764BC4F3160405
:10E80000234403F4000080F07E504FF07E512043FB
:10E8100007EBD357F5F7A0FA6F4B04F10F02134043
:10E820000646002B43D10021F5F734FD98B1002FA7
:10E8300000F0CD803846F5F745FB68490546F5F709
:10E8400095FB674904462846F5F790FB01462046AC
:10E85000C3E70023CEE763493046F5F787FB01465F
:10E860004FF07C50F5F778FA314604463046F5F71C
:10E870007DFB01462046F5F779FB04460FB921469A
:10E8800078E03846F5F71EFB54490746F5F76EFB6E
:10E89000054638465249F5F769FB01462046F5F72B
:10E8A0005BFA3146F5F758FA0146284679E04FF011
:10E8B0008041F5F753FA01463046F5F70BFC8146E7
:10E8C0003846F5F7FFFA494680464846F5F74EFBCD
:10E8D00001468246F5F74AFB05464349F5F746FBF4
:10E8E0004249F5F73BFA2946F5F740FB4049F5F771
:10E8F00035FA2946F5F73AFB3E49F5F72FFA514626
:10E90000F5F734FB3C4982462846F5F72FFB3B4997
:10E91000F5F724FA2946F5F729FB3949F5F71EFAE8
:10E920002946F5F723FB01465046F5F717FADFF8BD
:10E93000D4B00546A344C4F5571404F5227444EA40
:10E940000B04002C30DD4FF07C513046F5F70EFB08
:10E950003146F5F70BFB014604462846F5F7FEF96C
:10E960004946F5F703FB054637B901462046F5F75A
:10E97000F3F90146304614E018494046F5F7F6FA37
:10E98000174907464046F5F7F1FA2946F5F7E6F943
:10E9900001462046F5F7E0F93146F5F7DDF9014685
:10E9A0003846F5F7D9F90CE701463046F5F7D4F9C2
:10E9B0004946F5F7DBFA0446002F3FF460AF0749FC
:10E9C0004046F5F7D3FA06490546404663E700207E
:10E9D000F7E600BF20FB4A00F0FF7F008071313F67
:10E9E000D1F71737ABAAAA3E9788173E25333A3E90
:10E9F0002549923EABAA2A3F4FD01C3E298E633E4A
:10EA0000CDCCCC3E305CCFFFF8B500BFF8BC08BC25
:10EA10009E467047F8B500BFF8BC08BC9E467047DC
:10EA200000000000000020410000A0410000F04173
:10EA300000002042000048420000704200008C426A
:10EA40000000A0420000B4420000C842CDCC3C41CE
:10EA500033333F41C3F54041666642410AD74341E3
:10EA6000B81E45416666464114AE4741C3F548416C
:10EA7000713D4A4114AE4B41B0040000500000000B
:10EA8000510000005200000053000000540000003C
:10EA9000550000005600000057000000580000001C
:10EAA000590000005A0000005B0000005C000000FC
:10EAB0005D0000005E0000005F00000060000000DC
:10EAC00061000000620000006400000050010000CE
:10EAD00051010000520100005301000054010000E8
:10EAE00055010000560100005801000064010000BB
:10EAF000010202030405060708090A0B0C0D0E0F9C
:10EB00001010010202030405060708090A0B0C0D88
:10EB10000E0F101049444C4500546D72205376631B
:10EB200000416C61726D356D73004350554C4F411F
:10EB3000445F4F5300514D5F4449414700514D5F81
:10EB40004150504C00514D5F4253570021EB00089B
:10EB50000000000000000000000000002AEB000898
:10EB600000000000000000000000000000000000A5
:10EB7000000200000800000000000000000000008B
:10EB800035EB00080000000000000000000000005D
:10EB900000000000A00D00001000000000000000B8
:10EBA000000000003DEB0008000000000000000035
:10EBB0000000000000000000400400002C000000E5
:10EBC000000000000000000045EB0008000000000D
:10EBD00000000000000000000000000040040000F1
:10EBE0002D000000000000000000000000000000F8
:10EBF0000102030400000000000000000102030401
:04EC000006070809F2
:04EC0400353D000892
:04EC0800113D0008B2
:10EC0C000000803F0000803F17B7D1388FC2753DA0
:10EC1C008FC2753C0000C84200004842CDCC4C3E2F
:10EC2C006666663FCDCCCC3DCDCC4C3D0AD7A33CE3
:10EC3C009A9919419A993141CDCC3C4170170000F9
:10EC4C000AD7A33CCDCCCC3D0000C8420000A0426A
:10EC5C0000009A420000704200008C42000080BF0D
:10EC6C00CD4C19445C8F7E4117B7D13872F97F3F78
:10EC7C009A992141339388430000C8419A9989405D
:10EC8C0000C0B2443393944300345D460000E0412D
:10EC9C00781300002C3000007B1402417B140241DD
:10ECAC00A470AF415C8F0241E0800300209B080000
:10ECBC006E0F000078630100FF0F0000E40C0000F1
:10ECCC00BC02000030430000F41A0000B004000045
:10ECDC00A0030200BE000000550000000A00000066
:10ECEC0014000000160000000D00000014000000CD
:10ECFC00FA000000209B0800D0070000286B6ECEA5
:10ED0C00286B6E4E286B6ECE286B6E4E286B6ECEBB
:10ED1C00286B6E4E286B6ECE286B6E4E286B6ECEAB
:10ED2C00286B6E4E286B6ECE286B6E4EFFFFFFFF6E
:10ED3C00FFFFFF0F03454C435742413541374335E5
:10ED4C00304544313233343536000000D0070000F2
:10ED5C00FF1F1F1FFF00000000000000000000004C
:10ED6C0000000000000000006400000050000000E3
:10ED7C005000000050000000500000005000000047
:10ED8C005000000050000000500000005000000037
:10ED9C005000000050000000500000005000000027
:10EDAC005000000050000000500000005000000017
:10EDBC005000000050000000500000000000000057
:10EDCC000100000000000000000000000000000036
:10EDDC000000000000000000000000000000000027
:10EDEC0050000000500000005000000050000000D7
:10EDFC0050000000500000005000000050000000C7
:10EE0C005000000000000000000000006C01002019
:10EE1C000000000022060020000000005404002026
:10EE2C0000000000E001002000000000FC030020B6
:10EE3C000000000000000000000000006C01002039
:10EE4C0000000000220600200000000054040020F6
:10EE5C0000000000E001002000000000FC03002086
:10EE6C000000000000000000000000000000000096
:10EE7C00500000000000000000000000E001000055
:10EE8C00000000000000000048000000000000002E
:10EE9C000000000024000000000000000000000042
:10EEAC0058000000000000000000000000000000FE
:10EEBC0000000000000000000100500000000000F5
:10EECC00000000000200E001000000000000000053
:10EEDC0003004800000000000000000004002400B3
:10EEEC0000000000000000000500580000000000B9
:10EEFC0000000000000101010101000058020000A7
:10EF0C0058020000FF010100100000004011002019
:10EF1C00002400000000000000000000AAAAAAAA19
:10EF2C0000127A002803002000000000C43F0020DB
:10EF3C002C40002094400020000000000000000045
:10EF4C0000000000000000000000000000000000B5
:10EF5C0000000000000000000000000000000000A5
:10EF6C000000000000000000000000000000000095
:04EF7C000000000091
:040000050800910559
:00000001FF
