:020000040800F2
:10400000804F0020A581000869DB000875DB0008EF
:1040100081DB00088DDB000899DB00080000000050
:10402000000000000000000000000000F1C80008CF
:10403000A5DB00080000000081C90008C5C9000810
:10404000ED810008A7DB0008ED810008ED81000884
:10405000B9DB0008BDDB0008ED810008ED81000838
:10406000ED810008ED810008ED810008C1DB00084A
:10407000ED810008ED810008ED810008ED81000868
:10408000ED810008ED810008CDDB0008D9DB0008D8
:10409000E5DB0008E9DB0008EDDB0008ED81000846
:1040A000F1DB0008FDDB000801DC000805DC00088E
:1040B00009DC00081DDC000835DC0008ED81000883
:1040C000ED810008ED810008ED810008ED81000818
:1040D000ED810008ED810008ED810008ED81000808
:1040E000ED810008ED810008ED810008000000006E
:1040F00000000000000000000000000000000000C0
:0C41000000000000000000005FF808F163
:1041100010B5054C237833B9044B13B10448AFF301
:1041200000800123237010BDD0010020000000009A
:10413000ECE1000808B5034B1BB103490348AFF39A
:10414000008008BD00000000D4010020ECE1000860
:1041500080F0004002E000BF81F0004142001FBF3C
:104160005FEA410392EA030F7FEA226C7FEA236C45
:104170006AD04FEA1262D2EB1363C1BFD21841403A
:1041800048404140B8BF5B42192B88BF704710F0D0
:10419000004F40F4000020F07F4018BF404211F073
:1041A000004F41F4000121F07F4118BF494292EADB
:1041B000030F3FD0A2F1010241FA03FC10EB0C0007
:1041C000C3F1200301FA03F100F0004302D5494294
:1041D00060EB4000B0F5000F13D3B0F1807F06D341
:1041E00040084FEA310102F10102FE2A51D2B1F139
:1041F000004F40EBC25008BF20F0010040EA03002E
:104200007047490040EB0000013A28BFB0F5000FAD
:10421000EDD2B0FA80FCACF1080CB2EB0C0200FA63
:104220000CF0AABF00EBC25052421843BCBFD040B2
:104230001843704792F0000F81F4000106BF80F42C
:1042400000000132013BB5E74FEA41037FEA226CEF
:1042500018BF7FEA236C21D092EA030F04D092F0BA
:10426000000F08BF0846704790EA010F1CBF0020EE
:10427000704712F07F4F04D1400028BF40F000404B
:10428000704712F100723CBF00F50000704700F06B
:10429000004343F0FE4040F4000070477FEA226292
:1042A00016BF08467FEA23630146420206BF5FEA63
:1042B000412390EA010F40F4800070474FF0000363
:1042C00004E000BF10F0004348BF40425FEA000C2A
:1042D00008BF704743F0964301464FF000001CE0D2
:1042E00050EA010208BF70474FF000030AE000BF28
:1042F00050EA010208BF704711F0004302D5404266
:1043000061EB41015FEA010C02BF844601460020D7
:1043100043F0B64308BFA3F18053A3F50003BCFAF2
:104320008CF2083AA3EBC25310DB01FA02FC63449F
:1043300000FA02FCC2F12002BCF1004F20FA02F2A6
:1043400043EB020008BF20F00100704702F1200299
:1043500001FA02FCC2F1200250EA4C0021FA02F2FA
:1043600043EB020008BF20EADC7070474FF0FF0CFF
:104370001CEAD0521EBF1CEAD15392EA0C0F93EAFA
:104380000C0F6FD01A4480EA010C400218BF5FEA9C
:1043900041211ED04FF0006343EA501043EA51110F
:1043A000A0FB01310CF00040B1F5000F3EBF490009
:1043B00041EAD3715B0040EA010062F17F02FD2A0D
:1043C0001DD8B3F1004F40EBC25008BF20F00100F0
:1043D000704790F0000F0CF0004C08BF49024CEA07
:1043E000502040EA51207F3AC2BFD2F1FF0340EA99
:1043F000C250704740F400004FF00003013A5DDC0A
:1044000012F1190FDCBF00F000407047C2F100024A
:10441000410021FA02F1C2F1200200FA02FC5FEA37
:10442000310040F1000053EA4C0308BF20EADC7081
:10443000704792F0000F00F0004C02BF400010F4F3
:10444000000F013AF9D040EA0C0093F0000F01F0A0
:10445000004C02BF490011F4000F013BF9D041EAC2
:104460000C018FE70CEAD15392EA0C0F18BF93EAC4
:104470000C0F0AD030F0004C18BF31F0004CD8D1EE
:1044800080EA010000F00040704790F0000F17BF75
:1044900090F0004F084691F0000F91F0004F14D0BB
:1044A00092EA0C0F01D142020FD193EA0C0F03D113
:1044B0004B0218BF084608D180EA010000F0004016
:1044C00040F0FE4040F40000704740F0FE4040F4F1
:1044D000400070474FF0FF0C1CEAD0521EBF1CEA90
:1044E000D15392EA0C0F93EA0C0F69D0A2EB0302AE
:1044F00080EA010C49024FEA402037D04FF0805348
:1045000043EA111143EA10130CF000408B4238BF0C
:104510005B0042F17D024FF4000C8B4224BF5B1A1A
:1045200040EA0C00B3EB510F24BFA3EB510340EA68
:104530005C00B3EB910F24BFA3EB910340EA9C0016
:10454000B3EBD10F24BFA3EBD10340EADC001B0186
:1045500018BF5FEA1C1CE0D1FD2A3FF650AF8B422A
:1045600040EBC25008BF20F0010070470CF0004C37
:104570004CEA50207F32C2BFD2F1FF0340EAC25062
:10458000704740F400004FF00003013A37E792F023
:10459000000F00F0004C02BF400010F4000F013A81
:1045A000F9D040EA0C0093F0000F01F0004C02BF7C
:1045B000490011F4000F013BF9D041EA0C0195E7E5
:1045C0000CEAD15392EA0C0F08D142027FF47DAF7E
:1045D00093EA0C0F7FF470AF084676E793EA0C0F6E
:1045E00004D14B023FF44CAF08466EE730F0004C6C
:1045F00018BF31F0004CCAD130F000427FF45CAFFC
:1046000031F000437FF43CAF5FE700BF4FF0FF3C69
:1046100006E000BF4FF0010C02E000BF4FF0010CBC
:104620004DF804CD4FEA40024FEA41037FEA226C85
:1046300018BF7FEA236C11D001B052EA530C18BFA7
:1046400090EA010F58BFB2EB030088BFC81738BF0C
:104650006FEAE17018BF40F0010070477FEA226CFA
:1046600002D15FEA402C05D17FEA236CE4D15FEAF6
:10467000412CE1D05DF8040B704700BF844608462A
:104680006146FFE70FB5FFF7C9FF002848BF10F1EB
:10469000000F0FBD4DF808EDFFF7F4FF0CBF012030
:1046A00000205DF808FB00BF4DF808EDFFF7EAFFBA
:1046B00034BF012000205DF808FB00BF4DF808ED75
:1046C000FFF7E0FF94BF012000205DF808FB00BF6A
:1046D0004DF808EDFFF7D2FF94BF012000205DF8F0
:1046E00008FB00BF4DF808EDFFF7C8FF34BF0120FD
:1046F00000205DF808FB00BF4FEA40024FEA41038B
:104700007FEA226C02D15FEA402C08D17FEA236C59
:1047100002D15FEA412C02D14FF0000070474FF008
:104720000100704742000ED2B2F1FE4F0BD34FF0A2
:104730009E03B3EB126209D44FEA002343F0004317
:1047400023FA02F070474FF00000704712F1610F3A
:1047500001D1420202D14FF0FF3070474FF000000C
:10476000704700BF2DE9F74F41F27662AB4BAC4D7D
:104770001988AC4FA1F51853163B9BB29342DFF852
:10478000A882AA4BAA4C00F2C18100221A602A60BA
:104790003A7088F80020A14BA6491A880A2302EB38
:1047A0008202B2FBF3F30B8040F6CD118A42A24A9B
:1047B00098BF0021107888BFA3F1FA01002840F0CB
:1047C000E5819E49FA3309888B4201D80123137091
:1047D0009B4B1B78012B0ED06BB19A4B1B78012B96
:1047E00009D043B1984B1B78012B04D0974B1B7811
:1047F0005A1E53425341964A964E1370964ADFF81A
:104800005CA2157832789AF800C098F800002A4324
:10481000397842EA0C020243012D42EA010203D038
:10482000012801D0012902D101208D4908708D494C
:104830000878002840F0B481012B40F0B881884D01
:104840002870002A40F0B38101228748874D02700A
:1048500087482A7002780B70864B012A19780FD18D
:104860004A1E022A0CD8844A92F800C0BCF1040FF8
:1048700002D01278062A03D1002202707F4802700B
:104880007D4A1078884218BF12787D4918BF1A7087
:104890007C4BD3F800B05846FFF724FF8146002830
:1048A00000F09B81DFF8E0912368D9F80020002A0E
:1048B00040F07F81C9F80030744B7549D3F800A0EF
:1048C0005046FFF7F1FE8146002800F0B381DFF883
:1048D000C4912368D9F80020002A40F09D81C9F8CE
:1048E00000303378012B06D16B4A23681168002908
:1048F00040F0C281136098F80030012B02D03B7861
:10490000012B01D100232B70DFF864E19EF8003009
:104910000BB100222A70DFF88491DFF8848199F8C6
:1049200000005649012804BF00222A7098F8002090
:10493000012A0AD132781A4301BF91F800C088F8E1
:1049400000200CF1010C81F800C0DFF8588198F8C4
:104950000020012A07D1034305D1484888F80030D8
:104960000278013202700B78042B06D101232F212B
:1049700054208EF8003002F0C9FE374B1B78012B13
:1049800005D10023344A2B701370474A13602D4B16
:1049900099F8009093F800A0444B1A78524518BF3C
:1049A00083F800A098F8003032784B453C4B18BF94
:1049B00088F800901978914218BF1A70BAF1010F67
:1049C00014D1DFF8ECB0DFF8EC809BF80000D8F8E9
:1049D0000030132800F257811946374B01308BF80D
:1049E00000001868FFF7BAFBC8F80000334BDFF887
:1049F000D0801B6833491846D8F800B00193FFF700
:104A000071FE002800F05081B9F1000F40F04C8198
:104A1000BAF1010F019B40F0478155E030000020C2
:104A20001C020020E1020020E00200202002002001
:104A3000D0020020D4020020DC020020320000203E
:104A400044000020350000205C010020E702002027
:104A500034000020E2020020E3020020E8020020EF
:104A60001A02002019020020EA4F00203600002020
:104A7000DA020020180200203A030020DB020020A6
:104A800000008C427C0200201402002070020020F2
:104A9000000080BF100200200C020020E402002071
:104AA0000B0200200A020020C80200200902002098
:104AB00008020020040200207802002000020020EA
:104AC000FC0100200000A04119461846FFF74EFCEB
:104AD0008A49FFF741FB5946FFF740FBC8F8000041
:104AE000FFF720FE864B1860D8F800A08549504695
:104AF000FFF7F8FD8046002800F01E8101222F21DB
:104B0000814B1A70532002F001FE23E142F215603E
:104B1000814222681DD8196811B91A6000231DE06E
:104B2000521A142A0CD901232F213B70502002F075
:104B3000EDFD764B1A8843F68C439A42EED90AE093
:104B4000002350203B7002F0CDFD2F28F1D12E2103
:104B5000ECE700221A602A6823680AB92B601AE67B
:104B60009B1A142B07D901232F2188F800305120DC
:104B700002F0CCFD0FE60023512088F8003002F04F
:104B8000B1FD2F287FF407AE2E21F0E701287FF436
:104B90001FAE5F4B1B888B423FF61AAE002316E612
:104BA000012B04D15B48007810433FF44DAE002246
:104BB0004BE6594A12689B1A142B7FF67DAE4FF0D4
:104BC000000B01232F21582085F800B08AF800300F
:104BD00002F09CFDC9F800B06EE658464F49FFF759
:104BE00063FD00283FF468AEDFF834B12368DBF8DA
:104BF00000209B1A142B7FF65FAE58208AF8009095
:104C000002F070FD2F2803D12E21582002F07EFDE6
:104C10000023CBF800304FE69B1A142B7FF661AED1
:104C20000123404A2F21592013702B7002F06EFD92
:104C3000002354E650463C49FFF754FD00283FF45A
:104C400050AEDFF8D4A02368DAF8002012B9CAF811
:104C5000003046E69B1A142B7FF643AE314B5920A9
:104C600083F8009002F03EFD2F2803D12E21592019
:104C700002F04CFD0023EAE75B1ABE2B7FF63BAE49
:104C80000023337036E60193FFF71CFB019B0146BE
:104C90001846FFF71FFC254B186000238BF80030E7
:104CA0000023C8F80030A1E614222368B3FBF2F118
:104CB00002FB11330193002B7FF416AF58461C49B9
:104CC000FFF754FB1B49FFF705FCC8F800008346BB
:104CD000FFF728FDDFF828A04FF07E51CAF800004A
:104CE0005846FFF7E1FC00283FF4FEAE0022019B8E
:104CF000C8F80020CAF80030F6E600BF0000C8433C
:104D0000C00200200000FA44E4020020300000202D
:104D1000320000201A020020100200200000704221
:104D200014020020E7020020CDCCCCBD0002002000
:104D30000000AA420000C84200215046FFF7AAFC2A
:104D4000002800F0B280B9F1010F40F0AE80B24B04
:104D500083F80080B14BDFF8C8921B78012B1AD181
:104D60002A78DFF8C082012A00F0A78098F8002096
:104D70000AB988F8003098F800A0BAF1000F0AD0FC
:104D8000A94A1068002840F0A48023681360A74A4D
:104D90001360A74A1360A14BDFF898821B78022B9F
:104DA00040F02B812A78012A0DD15A21A24B1B8871
:104DB0004B436421B3FBF1F3A0490B8098F800301A
:104DC0000BB988F8002097F800A0BAF1000F40F066
:104DD000638198F80070012F2BD1994803F0B0FD42
:104DE000984B52464FF4806197481F7004F018FFAB
:104DF00005229649924803F0C5FB954B1A888F4BC4
:104E00001B889A4200F236810223042288F800307F
:104E1000844B4FF480611A708B483A4604F000FFCF
:104E2000632002F05FFC2F2803D12E21632002F0C3
:104E30006DFC884F3A78012A40F04881DFF81892DB
:104E40002368D9F800105B1A012B11D9804B1B88FD
:104E5000B3F52F7F4FF00003C0F02581552033704C
:104E600002F040FC2F2803D12E21552002F04EFCE9
:104E70002368D9F800209B1A072B40F23981774B21
:104E8000734A1B881288A3F57A73934200F20F814C
:104E900000235520337002F025FC2F2840F0288194
:104EA0002E21552002F032FC22E1532002F01AFCA0
:104EB0002F287FF44FAF2E2124E600235A4A88F88A
:104EC00000301360594A1360594A1360644A1370E2
:104ED00051E7BAF1020F32D0BAF1030F5AD0BAF14A
:104EE000010F7FF458AF5D4B1988594B1A88D9F8D8
:104EF00000301B1A5B4883420DD991423FF64BAFFD
:104F00002F21522002F002FC022388F80030544B7B
:104F100083F800A03FE791427FF63DAF02230022D5
:104F200088F800304E4B52201A7002F0DBFB2F281D
:104F30007FF431AF2E21522002F0E8FB2BE70A224A
:104F40003D4B3A481B88006803EB4303B3FBF2F385
:104F50003F4A11882268121A4348824208D98B427C
:104F60003FF719AF2F215F2002F0D0FB0323CCE7DE
:104F70008B427FF710AF0323002288F80030384BB4
:104F80005F201A7002F0AEFB2F287FF404AF2E21B1
:104F90005F20D1E72E4B26491A8809682368DFF87D
:104FA00094B05B1A31498B4211D9B2F5487FFFF4B6
:104FB000F2AE2F21602002F0A9FB294B83F800A05C
:104FC000042388F8003002238BF80030E3E6B2F5C2
:104FD000487FBFF4E0AE042388F8003002230022AB
:104FE0008BF800301E4B60201A7002F07BFB2F28DC
:104FF0007FF4D1AE2E2160209EE7012B7FF4E3AE3B
:105000002B78012B7FF4DFAE00230C4A88F80030A8
:105010001380174A1360D6E6E4020020DF02002066
:10502000D0020020DE020020F8010020F401002060
:10503000F0010020DD02002030000020D602002018
:10504000D0360020E9020020000C0140EC3800209E
:1050500032000020E6020020C4020020D40200201A
:10506000E50200209F030200DF8003001F9B080071
:10507000CC020020114A136801331360104A934296
:105080007FF6D7AE4FF480610E483A4604F0C8FD73
:105090002F21632002F03AFB0223042288F800301B
:1050A000094B1A70C5E62F2132702B70DDE6012303
:1050B000337000232F212B70F3E600BFCC020020B9
:1050C0001F9B0800000C0140DE020020022A0FD1C5
:1050D000B04B187801280BD1AF4B1A88AF4B1B8807
:1050E0009A42AF4A00F209820023AE490B70136066
:1050F00040F20222AC4B2D781B68012D5A6340F020
:105100001F8298F80030012B10D03A782368002ACB
:1051100040F00482A54A116841B91360A44A0221F3
:1051200013602A463D70A34804F07AFDD4F800804D
:10513000B8F5C87FC0F0DB81DFF87CA29AF80030B8
:10514000002B40F094809D4BDFF874921D68013570
:105150001D609C4B1F883846FFF7B4F8D9F8001043
:105160000646FFF7A1FA20B13846FFF7A7F8C9F8BD
:105170000000DFF854923046D9F80010FFF7B2FA79
:1051800020B13846FFF79AF8C9F800008F4F304633
:105190003968FEF7E3FF814B3860B3F800900646AC
:1051A0004846FFF78FF8DFF828B20746DBF8001013
:1051B000FFF77AFA20B14846FFF780F8CBF80000F5
:1051C000DFF810B23846DBF80010FFF78BFA20B199
:1051D0004846FFF773F8CBF80000DFF8FC9138463B
:1051E000D9F80010FEF7BAFF7C4BC9F80000DFF8D1
:1051F000F0B1D3F800900746DBF800104846FFF7FF
:1052000053FA08B1CBF80090DFF8D8B14846DBF884
:105210000010FFF767FA08B1CBF80090DFF8C8B1CB
:105220004846DBF80010FEF799FF704ACBF8000003
:1052300013688146581C1060FFF740F8834601460A
:105240003046FFF747F96A4B594618603846FFF772
:1052500041F9684B594618604846FFF73BF9664BE1
:10526000B5F5FA6F186024BF01238AF800304FF4B7
:10527000FA63B8FBF3F203FB128301935F4B1B78D5
:10528000002B40F0EF80019BDFF874B1DFF87491E0
:10529000DFF874815D4F5E4EABB95E4A5E4BCBF872
:1052A0000020C8F8002032605C4AC9F80030136062
:1052B0003B6000235A4A13605A4A13605A4A1360EB
:1052C0005A4B019A1A603F4BB3F800A05046FEF7C4
:1052D000F9FFDBF800100546FFF7E6F920B150466C
:1052E000FEF7ECFFCBF800002846D9F80010FFF7D6
:1052F000F9F920B15046FEF7E1FFC9F80000DFF8E8
:1053000020912846D9F80010FEF728FF234BC9F852
:105310000000B3F800A005465046FEF7D3FFD8F8CA
:1053200000108146FFF7C0F920B15046FEF7C6FFD6
:10533000C8F8000048463968FFF7D4F918B150465C
:10534000FEF7BCFF3860DFF8DC804846D8F8001074
:10535000FEF704FF214BC8F80000D3F80080074691
:1053600031684046FFF7A0F908B1C6F800802B4E1F
:1053700040463168FFF7B6F908B1C6F80080DFF89B
:10538000A8904046D9F80010FEF7E8FE274A0646E6
:105390004EE000BFDF020020D402002032000020D7
:1053A000C8020020E3020020143B0020EC01002092
:1053B000C4020020000C0140D9020020B8020020E5
:1053C0002C0000203000002028000020A80200202F
:1053D0002400002020000020A002002078020020ED
:1053E0000C0000200800002088020020B0020020ED
:1053F000AC020020A40200208C020020D802002071
:105400001C000020180000201400002010000020C4
:1054100004000020286B6E4E286B6ECE000000202A
:10542000980200209002002080020020B402002098
:105430001368C9F80000581C1060FEF73FFF804653
:1054400001462846FFF746F8484B41461860384663
:10545000FFF740F8464B414618603046FFF73AF8F0
:10546000444B1860444B454A1B78012B94BF0023E2
:1054700001231370019B002B39D1414B41491B681B
:1054800003200B60404B1B684B60404B1B688B60DC
:105490003F4B1B68CB603F4B1B680B613E4B1B684F
:1054A0004B613E4B1B688B613D4B1B68CB613D4B99
:1054B0001B680B623C4B1B684B623C4B1B688B624E
:1054C0002A4B1B68CB623A4B1B680B63394B1B683A
:1054D0004B63274B1B688B63374B1B68CB63374B86
:1054E0001B680B64234B1B684B6402F0C1F92368F3
:1054F0000133236003B0BDE8F08F1168D9F80030A4
:1055000000293FF4F4AD5B1A142B7FF6F1AD2C4B60
:105510002F211870002356202B70C3E4012A7FF43A
:1055200005AE284908681B1A152B04D900220A6009
:1055300002213970F7E57FF4F9AD4FF48061F2E5AF
:10554000002D7FF4F3AD98F80030012B3FF4EEAD61
:105550001D4B2A461D601B4B02211D601B4B1C4826
:105560003D701D6004F05CFB2A46E6E79C020020CB
:105570009402002084020020DF020020D8020020D4
:105580002C0000202402002028000020AC02002073
:105590002400002020000020A40200200C00002095
:1055A000080000208C0200201C00002018000020B1
:1055B0001400002010000020040000200000002043
:1055C000E3020020EC010020C8020020C4020020F9
:1055D000000C0140002340F2C17270B5084C094E26
:1055E000C4E90023C4E90233074D206133462A464B
:1055F0002146064803F0E8FB0028F7D170BD00BF44
:1056000054030020FC0200206C0300201C37002003
:10561000FE22064B1A700022587008209A70DA7029
:105620001A715A719A71DA71FFF7D4BF6C030020B6
:105630002DE9F74F894E8A4D33782A68022B894C21
:1056400050D1894B1B78002B4CD1C821B2FBF1F013
:1056500001FB1022854B86491B7812B10A789A42C9
:1056600038D0844A0B7011789B000E298CBF002122
:10567000117803F004039CBF0131C9B21170127894
:10568000617802F01F020A43A17842F0A0020B43A6
:1056900043F002036270A370774843EA022301A932
:1056A0000122019303F013FE0323744FDFF8D0911E
:1056B0003B615123DFF8AC8120703B604B46424692
:1056C0003946704803F080FB0028F7D12060606005
:1056D000386138602B682BB1DFF8AC8198F8003066
:1056E0005A0632D4694B6A491A680132C72A1A60CD
:1056F00088BF01222B6888BF327001332B600B6892
:10570000644D01330B602968C82B01F10101296048
:1057100040F28B802F215A2001F0F8FF2B68C82B14
:1057200040F28B802F215D2001F0F0FF5A4B1B6867
:10573000322B40F28A802F215B2001F0E7FF00230B
:105740002360636003B0BDE8F08F544B4B4F1B8860
:10575000DFF82CA123701B0A6370514BDFF8049112
:105760001B88A3701B0AE3704E4B1B686360082301
:105770003B6140F2EF633B6053464A46394641483D
:1057800003F022FB0028F7D12B68206060603861AD
:105790003860002BA6D098F800305B06A2D5424BAB
:1057A000DFF8DCB01B68DFF8BCA023603F4BDFF8FC
:1057B000CC901B68636008233B6140F2EE633B6062
:1057C0005B46524649462F4803F0FEFA0028F7D1BF
:1057D0002B682060606038613860002B82D098F8B8
:1057E000003058067FF57EAF314BDFF894A01B6880
:1057F000DFF870901A0A237062701A0C1B0EE370A7
:1058000004233B614FF4DE63DFF87080A2703B60DD
:1058100053464A4641461B4803F0D6FA0028F7D1C2
:1058200020606060386138605CE75A2001F05AFF00
:105830002F287FF473AF2E216DE75D2001F052FF1A
:105840002F287FF473AF2E216DE75B2001F04AFF14
:105850002F287FF474AF2E216EE700BF37000020A1
:105860000003002043030020B9030020DC020020D5
:10587000EA020020390300208037002004030020C2
:10588000FC0200201C37002053030020F8020020F7
:10589000F4020020F0020020EC0200203000002082
:1058A00032000020780200207C0200206C020020E0
:1058B000C002002038B5274D274C2A462346012137
:1058C00003F0D4FA40F202732A689A4234D1234B8F
:1058D0001A602A691A612378022B0AD162783E2A5B
:1058E00007D1A2782AB91E490A701E490B701E49B9
:1058F0000A601E4A1278012A11D1022B27D163783F
:105900003E2B24D1A37813BB194A1368FE2B9CBFEE
:10591000013313600122174B1A7004F015FA0E4977
:105920000E4801F077FA38B9134A236813606368A8
:1059300053600122114B1A700023C5E902332B6119
:105940006B60AB612B606B612360636038BD04F0FA
:10595000F3F9E4E71C0300204B0300208003002040
:105960003B03002037000020F802002048060020FA
:10597000CC4F002049060020C2030020D90300209C
:105980002DE9F341AF4DB04C2A462346002103F0E8
:105990006DFA40F202232A689A421AD12368AB4971
:1059A00003F03F000870AA49C3F383100870A949A7
:1059B000C3F384200870A849C3F3C4300870A74912
:1059C000C3F305500870A6499B0E0B702179A54BB7
:1059D0001970A5490B78022B40F05481AB68002B5D
:1059E00040F05081B2F5F86F40F04C812A7C002ADB
:1059F00068D02178F4390B2900F22181DFE811F019
:105A0000E700AB008E000C002E001F0117010A01F9
:105A10001F0186006F004A00042A03D82220FFF7E6
:105A2000F7FD4FE09148D4F80120D0F801309049BB
:105A30001BBA83F0A53312BA01EBF36393420BD187
:105A40000022FF218B4B027019705A709A70DA7025
:105A50001A715A719A71E8E02520E0E702F0E6FB3E
:105A6000854B824A43401E0EC3F30740C3F3072110
:105A7000DBB2137156709070D1707E4AFF2713719C
:105A80000023177056709070D17053719371D37159
:105A9000082099E040F20112784B80211A80FF2201
:105AA000744B08201A709970012200215A705971A4
:105AB000D87018719A71DA71FFF78CFD2F2161206F
:105AC00001F024FE0023C5E902332B616B60AB615A
:105AD0002B606B612360636002B0BDE8F08100223F
:105AE000FF21664B08201A80624B19705A709A7019
:105AF000DA701A715A719A71DA71FFF76BFD6120D1
:105B000001F0F0FD2F28DDD12E21D8E7FF22594BDF
:105B10001A705A4A52785A70002297E7062A7FF67E
:105B20007DAF5649A378D4F803208B704A60002BD0
:105B30007FF474AFB2F1005FFFF470AF50490132EF
:105B40008A423FF66BAFFF214A4A1170537093703F
:105B5000D370137199E7012A3FF460AF434A12787A
:105B6000002A7FF479AF6278511E06293FF656AFBE
:105B7000424EB17800297FF451AF7068B0F1005FF8
:105B8000FFF44CAF3E4917188F423FF647AF4FF036
:105B9000FF0C384981F800C08C4610F803E001334F
:105BA00001F801EF5FFA83FE9645F6D302F1010892
:105BB0005FFA88F8C2F107020021D2B20CEB0800AC
:105BC00008F07AF940467760FFF704FD7AE7072A84
:105BD0007FF624AF6278511E06293FF61FAFE178A9
:105BE00000297FF41BAFFF20224967680870084630
:105BF000FE5C013301F8016FDEB2B242F8D8561CE8
:105C0000F6B2C2F107020021D2B2304408F054F9D2
:105C10003046D9E7FF22174B1A7000225A709A704B
:105C2000DA701A715A719A711022DA7130E7012A0A
:105C30003FF4F4AEFF220F4B1A7001226BE72020D5
:105C4000EDE600BF1C0300204B03002042030020B0
:105C500041030020400300203F0300203E030020BA
:105C60003D0300203C0300203700002038000020C6
:105C7000682457136C0300205A5AA5A5740300200A
:105C80000050002040F2FF339A421DD12278544B3D
:105C900012F0600F1A70534B1B7800F08B800022BB
:105CA0005148012B02704FF0020008704F490A6002
:105CB00067D14F4A1368FE2B9CBF0133136001224A
:105CC0004C4B1A7004F040F82B68972B0DD1002232
:105CD000494B1A602378494A5B0913706379062B94
:105CE0006DD92F215E2001F011FD2B68502B48D17A
:105CF0000022434B94F801C01A6063460822A17841
:105D00000CF01F005EB2002E4FEA4303DBB25DDBF6
:105D1000013A12F0FF02F5D108224B405EB2002E8C
:105D20004FEA4303DBB254DB013A12F0FF02F5D134
:105D3000344F8DF807303B7826780133DBB23B7067
:105D40009DF807309E42304E46D1CB0003F0180339
:105D500043EA5C13162B3FD13B781B1A002BB8BFCC
:105D60005B42012B38DC294BC1F3800119705C20A8
:105D7000326001F0B7FC2F2803D12E215C2001F006
:105D8000C5FC0023C5E902332B616B60AB612B605E
:105D90006B6123606360134B1B78012B7FF49CAE17
:105DA000144B1B78002B7FF497AE02B0BDE8F04196
:105DB00003F0C2BF012BE4D103F0BEFF84E75E20F5
:105DC00001F090FC2F2890D12E218BE783F0070360
:105DD0009EE783F00703A7E7326838700132C6E711
:105DE00053030020480600203B030020F802002057
:105DF000D04F002049060020F00200203A03002086
:105E0000F402002038030020EC02002035000020BE
:105E1000F8B507460E4602F009FA0546154C02F0A1
:105E200005FA2369401B984201D3002016E023782D
:105E3000002BF4D000232370A37813F00F0310D1AC
:105E400094F90420E378002A3B70237904DA0F33B5
:105E5000DBB2082B03D8012301203370F8BDA37AED
:105E6000FAE7012B03D102F0E1F90546D7E74FF03D
:105E7000FF30F3E74C0000202DE9F04114461422D6
:105E800007468AB09DF840800D460DEB02000021C8
:105E90001E4608F011F80497B8F1000F0DD0082243
:105EA00031460DEB020008F007F822462946082487
:105EB00002A808F033F80DEB04050894054C2A46B7
:105EC000204601AB04A902F07FFF0028F7D10AB0F9
:105ED000BDE8F0811C37002030B505460C4689B07E
:105EE0001422002103A807F0E7FF02950694064D4F
:105EF000064C2A46204601AB02A902F065FF0028A5
:105F0000F7D109B030BD00BFBA0300201C37002014
:105F100038B50F4D0F4C2B780F4A043323706B7834
:105F2000116940336370AB781068A370EB7801306F
:105F3000E3700A4B1B686360094B1961C9B21860B2
:105F4000FFF7CAFF0023236063602B606B6038BDDE
:105F5000CA030020BA030020800300202C00002088
:105F60009C03002038B50F4D0F4C2B780F4A04339B
:105F700023706B78116940336370AB781068A3703D
:105F8000EB780130E3700A4B1B686360094B1961C1
:105F9000C9B21860FFF7A0FF0023236063602B6085
:105FA0006B6038BDCA030020BA03002080030020C4
:105FB000280000209C03002038B50F4D0F4C2B7893
:105FC0000F4A043323706B78116940336370AB78E8
:105FD0001068A370EB780130E3700A4B1B686360B4
:105FE000094B1961C9B21860FFF776FF00232360DF
:105FF00063602B606B6038BDCA030020BA030020C9
:1060000080030020AC0200209C03002038B50F4D17
:106010000F4C2B780F4A043323706B78116940338F
:106020006370AB781068A370EB780130E3700A4BB3
:106030001B686360094B1961C9B21860FFF74CFF18
:106040000023236063602B606B6038BDCA030020AF
:10605000BA03002080030020240000209C030020BD
:1060600038B50F4D0F4C2B780F4A043323706B78E3
:10607000116940336370AB781068A370EB7801301E
:10608000E3700A4B1B686360094B1961C9B2186061
:10609000FFF722FF0023236063602B606B6038BD35
:1060A000CA030020BA030020800300202000002043
:1060B0009C03002038B50F4D0F4C2B780F4A04334A
:1060C00023706B78116940336370AB781068A370EC
:1060D000EB780130E3700A4B1B686360094B196170
:1060E000C9B21860FFF7F8FE0023236063602B60DD
:1060F0006B6038BDCA030020BA0300208003002073
:10610000A40200209C03002038B50F4D0F4C2B78C3
:106110000F4A043323706B78116940336370AB7896
:106120001068A370EB780130E3700A4B1B68636062
:10613000094B1961C9B21860FFF7CEFE0023236036
:1061400063602B606B6038BDCA030020BA03002077
:10615000800300200C0000209C03002038B50F4D68
:106160000F4C2B780F4A043323706B78116940333E
:106170006370AB781068A370EB780130E3700A4B62
:106180001B686360094B1961C9B21860FFF7A4FE70
:106190000023236063602B606B6038BDCA0300205E
:1061A000BA03002080030020080000209C03002088
:1061B00038B50F4D0F4C2B780F4A043323706B7892
:1061C000116940336370AB781068A370EB780130CD
:1061D000E3700A4B1B686360094B1961C9B2186010
:1061E000FFF77AFE0023236063602B606B6038BD8D
:1061F000CA030020BA030020800300208C02002084
:106200009C03002038B50F4D0F4C2B780F4A0433F8
:1062100023706B78116940336370AB781068A3709A
:10622000EB780130E3700A4B1B686360094B19611E
:10623000C9B21860FFF750FE0023236063602B6033
:106240006B6038BDCA030020BA0300208003002021
:106250001C0000209C03002038B50F4D0F4C2B78FC
:106260000F4A043323706B78116940336370AB7845
:106270001068A370EB780130E3700A4B1B68636011
:10628000094B1961C9B21860FFF726FE002323608D
:1062900063602B606B6038BDCA030020BA03002026
:1062A00080030020180000209C03002038B50F4D0B
:1062B0000F4C2B780F4A043323706B7811694033ED
:1062C0006370AB781068A370EB780130E3700A4B11
:1062D0001B686360094B1961C9B21860FFF7FCFDC8
:1062E0000023236063602B606B6038BDCA0300200D
:1062F000BA030020800300209C0200209C030020A1
:1063000038B50F4D0F4C2B780F4A043323706B7840
:10631000116940336370AB781068A370EB7801307B
:10632000E3700A4B1B686360094B1961C9B21860BE
:10633000FFF7D2FD0023236063602B606B6038BDE4
:10634000CA030020BA0300208003002014000020AC
:106350009C03002038B50F4D0F4C2B780F4A0433A7
:1063600023706B78116940336370AB781068A37049
:10637000EB780130E3700A4B1B686360094B1961CD
:10638000C9B21860FFF7A8FD0023236063602B608B
:106390006B6038BDCA030020BA03002080030020D0
:1063A000100000209C03002038B50F4D0F4C2B78B7
:1063B0000F4A043323706B78116940336370AB78F4
:1063C0001068A370EB780130E3700A4B1B686360C0
:1063D000094B1961C9B21860FFF77EFD00232360E5
:1063E00063602B606B6038BDCA030020BA030020D5
:1063F00080030020940200209C03002038B50F4D3C
:106400000F4C2B780F4A043323706B78116940339B
:106410006370AB781068A370EB780130E3700A4BBF
:106420001B686360094B1961C9B21860FFF754FD1E
:106430000023236063602B606B6038BDCA030020BB
:10644000BA03002080030020040000209C030020E9
:1064500038B50F4D0F4C2B780F4A043323706B78EF
:10646000116940336370AB781068A370EB7801302A
:10647000E3700A4B1B686360094B1961C9B218606D
:10648000FFF72AFD0023236063602B606B6038BD3B
:10649000CA030020BA03002080030020000000206F
:1064A0009C03002038B50F4D0F4C2B780F4A043356
:1064B00023706B78116940336370AB781068A370F8
:1064C000EB780130E3700A4B1B686360094B19617C
:1064D000C9B21860FFF700FD0023236063602B60E2
:1064E0006B6038BDCA030020BA030020800300207F
:1064F000840200209C03002038B5124D124C2B78EA
:10650000124A013323706B78116940336370AB78A2
:106510001068A370EB780130E3700D4B1B6823719A
:106520006B796371AB79A371EB79E371094B1961F5
:10653000C9B21860FFF7D0FC0023236063602B60B2
:106540006B6038BDCA030020BA030020800300201E
:10655000D44F00209C03002038B5124D124C2B78EC
:10656000124A013323706B78116940336370AB7842
:106570001068A370EB780130E3700D4B1B6823713A
:106580006B796371AB79A371EB79E371094B196195
:10659000C9B21860FFF7A0FC0023236063602B6082
:1065A0006B6038BDCA030020BA03002080030020BE
:1065B000D04F00209C03002038B5124D124C2B7890
:1065C000124A013323706B78116940336370AB78E2
:1065D0001068A370EB780130E3700D4B1B682371DA
:1065E0006B796371AB79A371EB79E371094B196135
:1065F000C9B21860FFF770FC0023236063602B6052
:106600006B6038BDCA030020BA030020800300205D
:10661000CC4F00209C03002038B5124D124C2B7833
:10662000124A013323706B78116940336370AB7881
:106630001068A370EB780130E3700D4B1B78237169
:106640006B796371AB79A371EB79E371094B1961D4
:10665000C9B21860FFF740FC0023236063602B6021
:106660006B6038BDCA030020BA03002080030020FD
:10667000D20300209C03002038B5124D124C2B7819
:10668000124A013323706B78116940336370AB7821
:106690001068A370EB780130E370012323716B79EC
:1066A0006371AB79A371EB79E371094B1961C9B2DD
:1066B0001860FFF711FC0023236063602B606B60A0
:1066C00038BD00BFCA030020BA03002080030020A9
:1066D0009C03002038B5124D124C2B78124A01331E
:1066E00023706B78116940336370AB781068A370C6
:1066F000EB780130E3700D4B1B6823716B7963718C
:10670000AB79A371EB79E371094B1961C9B21860D8
:10671000FFF7E2FB0023236063602B606B6038BDF2
:10672000CA030020BA03002080030020C04F0020CD
:106730009C030020054A80F0A53302FB0131044B85
:1067400000BA0B4480EA7370704700BF795B3D1F4D
:106750006824571310B500680C4600BA1946FFF7B5
:10676000E9FF030E2370030C6370030AA370E0704B
:1067700010BD0000F8B5002501F058FD184E194B6A
:1067800096F802C0184A83F800C0184B184C1D70C8
:10679000184B84F802C04340C3F30740C3F30721FA
:1067A0001F0EDBB29170D370177050703278207169
:1067B0000432227072786171403262700E4AA371A5
:1067C00011690E4B106819610130C9B2E770E571AB
:1067D0001860FFF781FB2560656035607560F8BD66
:1067E000CA030020D3030020D4030020D2030020DA
:1067F000BA0300205A5AA5A5800300209C0300205C
:1068000004222DE9F341234B234D1B780DEB0201AC
:106810002248EC7895F804806F79AE79FFF79AFFFB
:106820009DF804206B78A2421D4C2CD19DF80520C8
:10683000424528D19DF80620BA4224D19DF8072070
:10684000B24220D10121174A403311700222227036
:1068500000226370AB780026E270134AA3701169BE
:10686000124B106819610130C9B226716671A671A8
:10687000E6711860FFF730FB266066602E606E6080
:1068800002B0BDE8F081032222707F2262703522BF
:10689000E1E700BFD3030020CA030020D403002097
:1068A000BA030020D2030020800300209C030020B4
:1068B00003232DE9F0412B4C2B4D23707F23637074
:1068C0006B78DFF8A880A3707823E3702B79D8F871
:1068D000101023716B79264F6371AB79D8F80000E3
:1068E000A371EB7939610130C9B2E37138601426C4
:1068F000FFF7F2FA50221F4B013E16F0FF0643F855
:10690000042BF9D14FF4F07231461B4807F0D4FA4A
:106910000120184900F0ACFF0220174900F0A8FF41
:106920002B78D8F8101023706B78D8F8000040331B
:106930006370AB783961A370EB780130E3702B7929
:10694000C9B223716B7938606371AB79A371EB794C
:10695000E371FFF7C1FA266066602E606E60BDE8E5
:10696000F08100BFBA030020CA030020800300208A
:106970009C03002060000020DE03002038B5124C8C
:10698000124DE2782378EA7022792B702A716279AD
:1069900063786A71A2794033AA71E2796B70EA7107
:1069A000A3780B4AAB7013700A4A0B4B116910683D
:1069B00019610130C9B21860FFF78EFA00232B600D
:1069C0006B602360636038BDCA030020BA030020F7
:1069D000B9030020800300209C03002038B5124C2E
:1069E000124DE2782378EA7022792B702A7162794D
:1069F00063786A71A2794033AA71E2796B70EA71A7
:106A0000A3780B4AAB7013700A4A0B4B11691068DC
:106A100019610130C9B21860FFF75EFA00232B60DC
:106A20006B602360636038BDCA030020BA03002096
:106A3000B8030020800300209C03002038B5134DCC
:106A4000134C2B78013323706B7840336370AB7831
:106A5000A370EB78E3700F4B1868FDF763FE6B795A
:106A60000D4A6371AB791169A371EB792071E37100
:106A700010680A4B01301961C9B21860FFF72CFA8F
:106A80000023236063602B606B6038BDCA03002065
:106A9000BA030020C0380020800300209C0300209F
:106AA00038B5134D134C2B78134A023323706B788F
:106AB000116940336370AB781068A370EB780130D4
:106AC000E3700E4B1B7823710D4B1B786371AB7910
:106AD000A371EB79E3710B4B1961C9B21860FFF731
:106AE000FBF90023236063602B606B6038BD00BF3F
:106AF000CA030020BA03002080030020E54F0020D5
:106B0000E44F00209C03002038B5124D124C2B7826
:106B1000043323706B7840336370AB78A370EB78E9
:106B2000E3700E4B1B681A0A62711A0CA2710C4AB0
:106B300023711B0E11691068E3710A4B0130196152
:106B4000C9B21860FFF7C8F90023236063602B60A7
:106B50006B6038BDCA030020BA030020C44F002078
:106B6000800300209C03002038B5124D124C2B7876
:106B7000043323706B7840336370AB78A370EB7889
:106B8000E3700E4B1B681A0A62711A0CA2710C4A50
:106B900023711B0E11691068E3710A4B01301961F2
:106BA000C9B21860FFF798F90023236063602B6077
:106BB0006B6038BDCA030020BA030020C84F002014
:106BC000800300209C03002038B5124D124C2B7816
:106BD000043323706B7840336370AB78A370EB7829
:106BE000E3700E4B1B681A0A62711A0CA2710C4AF0
:106BF00023711B0E11691068E3710A4B0130196192
:106C0000C9B21860FFF768F90023236063602B6046
:106C10006B6038BDCA030020BA030020E04F00209B
:106C2000800300209C03002038B5124D124C2B78B5
:106C3000043323706B7840336370AB78A370EB78C8
:106C4000E3700E4B1B681A0A62711A0CA2710C4A8F
:106C500023711B0E11691068E3710A4B0130196131
:106C6000C9B21860FFF738F90023236063602B6016
:106C70006B6038BDCA030020BA030020DC4F00203F
:106C8000800300209C03002038B5114C114D23785F
:106C9000114A2B706378116940336B70A3781068C8
:106CA000AB70E3780130EB7023792B7163796B71F2
:106CB000A379AB71E379EB71084B1961C9B2186024
:106CC000FFF70AF900232B606B602360636038BD17
:106CD000CA030020BA030020800300209C03002088
:106CE00038B5124C124DE2782378EA7022792B7075
:106CF0002A71627963786A71A2794033AA71E27964
:106D00006B70EA71A3780B4AAB7013600A4A0B4BA5
:106D10001169106819610130C9B21860FFF7DCF819
:106D200000232B606B602360636038BDCA030020C2
:106D3000BA030020C04F0020800300209C030020E5
:106D400038B5164C164DE17962791648E971164945
:106D50006A710A7001690068144A0130116110609B
:106D60004EF660222378C9B22B70637840336B7083
:106D7000A378AB70E378EB7023792B71A379AB71B7
:106D800053430522B3FBF2F3094A1360FFF7A4F85B
:106D900000232B606B602360636038BDCA03002052
:106DA000BA03002080030020440000209C03002040
:106DB0007C03002038B5124D124C2B78124A013357
:106DC00023706B78116940336370AB781068A370DF
:106DD000EB780130E3700D4B1B7823716B79637195
:106DE000AB79A371EB79E371094B1961C9B21860F2
:106DF000FFF772F80023236063602B606B6038BD7F
:106E0000CA030020BA03002080030020DC02002017
:106E10009C0300200022134B30B51A605A60124BBD
:106E200004461A605A60114B5D7805F0FF00ADB161
:106E3000A068A0B92468DA6894420FD10A7802F0F9
:106E4000F002302A0AD11A783AB90A68C3F8022047
:106E50004A68C3F8062001221A70012030BD10468E
:106E6000FCE700BFBA030020CA0300204C0000204A
:106E70002DE9F04F0125584F89B0072A884616465C
:106E80009DF848A0029300F101093D70D4B216D8D4
:106E90000DF119008DF8184007F040F86219029BB7
:106EA0004846CDF800A0D2B206A9FEF7E5FF0023C0
:106EB000B0FA80F03B70400909B0BDE8F08F4FF0A8
:106EC000000BC2F3032242F010028DF818200A686A
:106ED0008DF81940CDF81A20404C8A886570E06022
:106EE000ADF81E2084F800B008224846CDF800A076
:106EF00006A9FEF7C1FF28B184F801B087F800B0F9
:106F00000020D9E7A27A8DF8160003900DF1170141
:106F10000DF116008DF81720FEF77AFF0028039B6D
:106F200002DC63703B70EBE74FF0060B9DF81640F8
:106F30009DF816307BB174B90DF117010DF11600F3
:106F4000FEF766FF002804DC244B5C70224B1C70AB
:106F5000D6E79DF81640A6EB0B07072F28BF07279B
:106F600045F02003072202990DF119008DF8183021
:106F700006F0A2FF3A4608EB0B010DF1190006F0EE
:106F8000CDFF7A1C4846029BCDF800A0D2B206A9DC
:106F9000FEF772FF28B10023104A53700E4A137097
:106FA000AEE79DF816305F4401351FFA87FB05F008
:106FB0000F0513B10CB1013CE4B29DF8170008B104
:106FC00001F03AF95E45B3D80023044A012053701A
:106FD000014A137070E700BFD80300204C00002066
:106FE00040F259432DE9F041002002221827ADF567
:106FF000647D1D4D1D4EDFF878C003A90B8055F848
:10700000043B502B1BD056F82040230C8B54531CB0
:107010004FEA142E9BB201F803E0931C9BB2CC54B0
:1070200007FB00C4D31C9BB20B4404F1180E54F8A8
:10703000048B744543F8048BF9D11B3292B20130B2
:107040001428DCD101230B48009300685523FFF777
:107050000FFF0023084A13605360084A136053600F
:107060000DF5647DBDE8F0816000002044E2000879
:10707000DE03002080030020CA030020BA030020A2
:10708000F0B51B4D9DB06B78EA7840338DF80C302D
:10709000AB788DF80E208DF80D3003220023154CAF
:1070A000154F54F8046B502E10D057F8230002F1FE
:1070B0007001694401F8646C060C01F8636C0432D9
:1070C000060A01F8626C01F8610C92B20133142BCC
:1070D000E7D1002409480094234603A90068FFF77C
:1070E000C7FE074B2C601C605C606C601DB0F0BD7F
:1070F000CA0300206000002044E200088003002052
:10710000BA030020F8B50323204C214D23707F23C0
:1071100063706B781F4FA3707823E3702B791E4E3A
:1071200023716B7939696371AB793868A371EB7935
:1071300001303161C9B2E3713060FEF7CDFE00F07D
:1071400049FCEA782B78E2702A79237022716A79F7
:107150006B786271AA793969A271EA79386840332B
:107160006370E271AB780D4A31610130C9B2A3702E
:1071700013603060FEF7B0FE012001F05DF8BDE85D
:10718000F8400021084600F05BBD00BFBA030020B4
:10719000CA030020800300209C030020C04F002071
:1071A00038B50323104C114D23707F2363706B7827
:1071B0000F4AA3702223E3702B79116923716B7935
:1071C00010686371AB790130A371EB79E371094BFE
:1071D0001961C9B21860FEF77FFE00232360636067
:1071E0002B606B6038BD00BFBA030020CA030020CB
:1071F000800300209C03002003232DE9F041234C51
:10720000234D23707F2363706B784FF00008A370C9
:107210007823E3702B791F4F23716B791E4E6371B6
:10722000AB7939693868A371EB7901303161C9B242
:107230003060E371FEF750FE184B83F80080184B66
:1072400083F8008000F0C6FB2B78396923706B78D7
:10725000386840336370AB783161A370EB780130EC
:10726000E3702B79C9B223716B7930606371AB79AC
:10727000A371EB79E371FEF72FFE012000F0DCFF34
:1072800041464046BDE8F04100F0DABCBA030020B8
:10729000CA030020800300209C030020E44F00204C
:1072A000E54F002070B5134D134C2B78134E04336B
:1072B00023706B7840336370AB78A370EB78E37026
:1072C0000F4B1A7822715A7862719A78DB78A27122
:1072D000E3710C4B1969186831610130C9B2306033
:1072E000FEF7FAFD002333613360236063602B6097
:1072F0006B6070BDCA030020BA0300209C0300200D
:107300004500002080030020F8B50026134B144CE4
:107310001E70144B144D1E702378144F2B7063781D
:1073200040336B70A378AB70E378EB7023792B71EB
:1073300063796B71A379AB71E379EB710C4B1969CC
:10734000186839610130C9B23860FEF7C5FD2E609A
:107350006E60266066603E613E60F8BDDB02002024
:10736000CA030020DA020020BA0300209C03002098
:107370008003002070B572B67648774C0378774A60
:10738000002B63D0764B1968216059686160002139
:10739000196059604FF47A730170136071490B687A
:1073A000002B58D1FF21704B197062B66F4D2B68BE
:1073B0003BB96F490B6001216E4B997241F28831E4
:1073C000196113680BB96A4A13606378192B04D1E9
:1073D000A378042B09D1FFF703FE6378142B01D1A6
:1073E000FFF766FA6378192B04D1A378022B13D127
:1073F000FFF746FE6378282B05D15D4B1B68032BF6
:107400002ED1FFF7BBFA6378852B05D1584B1B684B
:10741000032B28D1FFF7E2FA6378222B31D1E378EE
:107420001D2B23D843B3023B1B2B28D8DFE803F0E6
:1074300035383B3E4144474A4D505356595C5F6294
:1074400065686B6E7174777A7D8083861368002B14
:10745000A4D0013BA1E7013B0B60002BA5D1A1E724
:10746000FFF79EFECFE7FFF79BFED5E77F2B6ED0A1
:10747000802B66D07E2B67D0FFF792FE01E0FFF7EE
:1074800043FB6378272B7CD1A378012B74D0A3789E
:10749000022B76D1FFF7B4F973E0FFF765FBF0E755
:1074A000FFF792FBEDE7FFF7BFFBEAE7FFF7F8FA1C
:1074B000E7E7FFF7C3FAE4E7FFF7AEF8E1E7FFF726
:1074C0001BF8DEE7FFF748F8DBE7FFF775F8D8E7CA
:1074D000FEF71EFDD5E7FEF745FDD2E7FEF76CFD92
:1074E000CFE7FEF793FDCCE7FEF7BAFDC9E7FEF75D
:1074F000E1FDC6E7FEF708FEC3E7FEF72FFEC0E793
:10750000FEF756FEBDE7FEF77DFEBAE7FEF7A4FEE6
:10751000B7E7FEF7CBFEB4E7FEF7F2FEB1E7FEF702
:1075200019FFAEE7FEF740FFABE7FEF767FFA8E7FE
:10753000FEF78EFFA5E7FEF7B5FFA2E7FFF73AFCDF
:107540009FE7FFF7AFFE9CE7FFF7C4F899E7FFF767
:1075500093F896E7D9030020CA03002040000020DA
:10756000C20300207C03002044000020B40300205C
:10757000C04F00204C000020FFF7FCF86378272B59
:1075800085D0314E3378012B3BD12F21622000F082
:10759000BDF8A378022B0CD12C4B1B68032B3DD1DB
:1075A0003378012B34D12A4B1B78062B30D1FFF7CF
:1075B000A9FD6378112B04D1A378012B01D1FFF72A
:1075C0001BFE22796378402A03D1312B0DD1FFF7BE
:1075D0009BFE22796378422A07D1312B05D11B4BC0
:1075E0001B68032B1DD1FFF7ABFB6378102B20D159
:1075F000A378012B18D0A378032B21D1FFF770FBC0
:1076000017E0622000F06EF82F28C2D12E21BDE7CE
:1076100033781BB10E4B1B78062BCAD0FFF7C0FD89
:10762000C7E7FFF7BDFDE0E7FFF75AFB6378102BD4
:10763000E1D063783E2B03D1A3780BB9FFF724FB8D
:107640002B6801332B6070BDD2030020C04F002097
:107650003A0300201823584316490A5A0B180132DE
:107660000A52154A022012789A70144A1278DA7077
:10767000134A12781A71134A12785A71124A127800
:107680009A71124A1278DA71114A1288A3F8092005
:10769000104A1288A3F80B200F4A1268C3F80D2075
:1076A0000E4A1268C3F811200D4A12781A7200F0BF
:1076B000DFB800BFDE0300204203002041030020AA
:1076C000400300203F0300203E0300203D03002034
:1076D00032000020300000207C02002078020020D0
:1076E0003A0300200023074A52F8041B814204D0C9
:1076F0000133142BF8D100207047034A12F82300FD
:10770000704700BF44E20008600000202A4B2DE9CA
:10771000F0410D460024984688B053F8042B82426D
:1077200008D00134142CF8D108B0BDE8F0812F2D19
:10773000FAD115E0214B1B78002BF5D1204E56F8DD
:107740002470AF42F3D02F2D46F82450ECD13146AF
:10775000012000F08DF8E0B2FFF77CFF46F82450DE
:10776000FFB22F2FE0D0174B1B78022BDCD1142255
:10777000002103A806F0A0FB0023019358F8243051
:10778000114C1A0A23701B0E9B01A370BC23E370DB
:107790000423069340F2FE730C4D6270029322465E
:1077A000284601AB02A901F00FFB0028F7D1207099
:1077B0006070A070E070B7E744E20008B8030020F2
:1077C0006000002037000020DA0300201C37002072
:1077D00002464FF000630649184603F580639A425B
:1077E00001D2824202D28B42F6D10020704700BF04
:1077F0000000020813B50C48FFF7EAFF044601F049
:1078000091FF0023094801A9036002238460C3603B
:1078100002F038F8044618B101F0A0FF02B010BD24
:1078200001F092FF2046F9E700F80008C0050020AB
:1078300070B50C460646154601F074FF04EB85054D
:10784000361BAC4204EB060103D101F07DFF00249E
:107850000CE00023022054F8042B01F0AFFF0028B5
:10786000EFD001F07BFF044601F06EFF204670BDB3
:107870002DE9F04F894685B072B600224FF0FF33F4
:10788000CDE902230C2303FB00F4DFF8D8B0364E19
:107890003BF804703548BF083A46356801F017FDDB
:1078A0003BF8043005F110021344314A3149934248
:1078B00080460BEB040A214422D2022228460835D6
:1078C000FFF7B6FF3A4649462846CAF80450FFF784
:1078D000AFFF3BF8044002222C44204602A90834A2
:1078E000CDF80880FFF7A4FF34603368224A934242
:1078F0002DD20122214B1A6062B605B0BDE8F08F8F
:1079000001231F4D01912B6000F03CF83368019971
:10791000022218460193FFF78BFF019B3A4608337A
:1079200049461846CAF804300193FFF781FF019BCE
:107930003BF8044002221C44204602A9CDF80880EE
:10794000FFF776FF0223083434602B60CDE703F1A4
:107950007843A3F57C43B3F5806FCDD20222074B69
:10796000C9E700BFD40500203C0600208037002076
:10797000FFFF00080406002000FC00083406002079
:107980003806002013B572B6FFF734FF4FF0B63358
:107990000D4C0E4802226946CDE900332060FFF706
:1079A00047FF2368012008332360094CA168FFF7D3
:1079B0005FFF21690220FFF75BFF0320A16902B08E
:1079C000BDE81040FFF754BF3C06002000F8000857
:1079D000D400002038B572B60024094D15F8013BDB
:1079E000012B05D1074BA0B253F83410FFF740FF2D
:1079F0000134042CF2D10222034B1A7062B638BD56
:107A0000B0000020D4000020D105002001EB82024C
:107A1000401A914200D17047435841F8043BF8E7BF
:107A20002DE9F04186B072B600232E4DCDE9013329
:107A30002C682D4B002C3ED12B6002222A4801A934
:107A4000FFF7E4FF019B029AB3F1B63F39D1B2F1DF
:107A5000B63F39D1244C254E254FDFF898800222BD
:107A6000304603A9FFF7D2FF9DF80C20032A24D843
:107A70000C23534317F803C006F10801944507EBA4
:107A8000030E11D1BDF80E00BEF8022082420BD1C8
:107A90001948C41800F803C018486280C252C418BC
:107AA000103261609419214601F1100343452960A9
:107AB00003D80E46D3E79C42BFD02C6006B0BDE889
:107AC000F0811340013301D0FFF794FE4FF0B6333D
:107AD0000222054801A9CDE90133044CFFF7A8FEB5
:107AE000EBE700BF3C06002000F8000808F800089B
:107AF000240100201EFE000804060020D4050020FA
:107B00002DE9F74F72B6002301264FF00C0ACDE99C
:107B10000033294DFFF784FFDFF8A090284A294C55
:107B2000174617F80C3F04F10C08013BDBB2FD2BA4
:107B300034D8D389FF2B31D083B3A289A9682069B7
:107B40009208FFF763FFB4F80CB02069022269467F
:107B50005844FFF75BFFA9681B484FEA9B0201F0FE
:107B6000B6FB009B834209D0D9F80810A289A86807
:107B700006F0D4F9A968B0B2FFF77AFE0136042EF8
:107B80003A46444605F1080509F10809C8D1022220
:107B90000E4B1A7062B603B0BDE8F08F0AFB06F315
:107BA0000B4A9A1807CA87E807000A4A134493E861
:107BB000070088E80700D7E7D4000020B4000020C1
:107BC00004060020D405002080370020D0050020C6
:107BD00024010020F400002010B5124B1C78012C69
:107BE0001FD1114A114813686433136002F047F83B
:107BF00021460F4802F00EF80E4B012818700CD1E8
:107C00000D4A1368FE2B9CBF0133136001220B4BFE
:107C10001A70BDE8104002F097B8BDE8104002F0BD
:107C20008BB810BD48060020C84F0020D83800206F
:107C3000000801405C010020D44F002049060020CC
:107C400000220E4B1A600E4B19700E4B187038B193
:107C50000D4A1368013313600C4A13680133136033
:107C6000BFF34F8F0A490B4BCA6802F4E06213431B
:107C7000CB60BFF34F8F00BFFDE700BFDC4F00209C
:107C8000E44F0020E54F0020D84F0020C44F0020D3
:107C900000ED00E00400FA052DE9F04792B072B65D
:107CA000FFF798FE002503224FF4C0430AA9B44809
:107CB000CDE90A32CDE90C5501F038FE01230AA9BD
:107CC000AF480A93CDE90B5501F030FE2823AD48AB
:107CD0000DEB03010A9301F029FE62B6AA4800F0F9
:107CE0002FFEA94800F09CFD72B6A84802F06AFC7D
:107CF000A748A84C01F0D2FAA44802F02DFCA648EF
:107D000001F028F8A369A54823F00803A361A3693B
:107D100023F01003A361636923F001036361A36986
:107D200023F40073A361A36923F00103A36102F0AC
:107D30005DFC03F083FF05F003FF4FF0E0221369C1
:107D400023F00503136168B2013501F089FA2B2D88
:107D5000F9D100250126924BDFF848821D70924B25
:107D6000924F1D70924B88F800601D6001F0CEFFAD
:107D700000F074FA386803F097F962B63146284685
:107D800001F0CAFF72B6DFF82C9299F80060012E5C
:107D900040F04881884801F072FF07224FF0E0234D
:107DA0009D611A6103F0F6FF05F0D4FEA3690EA9E8
:107DB00043F00403A361A369804803F00403009324
:107DC000009BA3694FF0020A43F00803A361A36973
:107DD00003F008030193019BA36943F01003A3611F
:107DE000A36903F010030293029BA36943F02003ED
:107DF000A361A36903F020030393039B636943F02A
:107E000001036361636903F001030493049BA369A5
:107E100043F40073A361A36903F400730593059B06
:107E2000A36943F00103A361A36903F0010306936F
:107E3000069BE36943F00203E361E369032403F073
:107E400002030793079B4FF46043CDE91055CDE93A
:107E50000E3401F06BFD0EA94948CDE90E65109571
:107E600001F064FD48F2C0630EA94548CDE90E3427
:107E700001F05CFD4FF6FD330EA94248CDE90E340A
:107E800001F054FD40F202430EA93E48CDE90E3602
:107E9000CDE910A401F04AFD2A465146394801F0C7
:107EA000BFFE32464FF48061364801F0B9FE05F05E
:107EB00045F904F071FF05F049F805F00DF905F0FA
:107EC000F5FE05F0BFFE3E4B08A8CDE9085301F0D2
:107ED000DDFE01F015FF2C4800F060FD0522394958
:107EE000294800F04FFB2D4802F0AAFB274802F07A
:107EF0007DFB294800F040FF274800F000FF48F6CE
:107F00003671254801F036F82F4B304A1E70C823D1
:107F100013602F4A88F800501360FF222D4B89F818
:107F200000501D702C4B1D602C4B1D602C4B1D6098
:107F30002C4B1D702C4B1A7000232C4A13602C4ABA
:107F400013602C4A13602C4A13602C4A13602C4A8D
:107F500013602C4A13602C4A13602C4A13602C4A7D
:107F600013602C4A13602C4A13602C4B1C70FFF7D3
:107F7000C7FD0521386803F06FF862B612B04FE014
:107F800000080140000C0140D0360020AC39002030
:107F900080370020001002401C370020603A00208B
:107FA000E44F002048060020E54F00208C370020D9
:107FB000D84F002049060020D8380020001001408A
:107FC00002000100EC3800205D0100205801002073
:107FD00054010020D9020020B8020020B402002081
:107FE000B0020020E902002035000020A402002099
:107FF000A0020020AC020020A80200208C02002079
:10800000880200209C020020980200209402002098
:10801000900200208402002080020020370000200F
:10802000BDE8F08729462846FFF70AFE70B5464CA2
:10803000464801F024FE2278454B01211A70454A3A
:1080400045481368454D05331360454A13680533A9
:10805000136001F0DFFD2B78424A8342424949D147
:108060001378062B02D80133137000E008700B78E8
:108070003E4E287033703E4B5A6A920014D5062249
:108080003C490A703C490A705A6A42F000525A62EE
:108090005A6A42F080725A62384A13680133136098
:1080A000374A136801331360364A374B1178374D1E
:1080B0001970517859709178D2789970DA702B686C
:1080C00033B92C4B1B78BBB12F215720FFF71EFB78
:1080D00033782F4A012B03D02E4B1B78022B12D161
:1080E00001232370C82313602B4A13602B680133CC
:1080F0002B6070BD0023B7E75720FFF7F3FA2F2856
:10810000E6D12E21E1E713682BB1013B1360002B70
:10811000ECD102232370214B1F4A1B78042B03D17F
:108120001F4B1B78022B03D002232370C823DCE7EC
:108130001368002BDAD0013B1360002BD6D1032348
:108140002370FFF7A9FDD1E75D010020D83800209A
:10815000DF020020E04F002000080140420600201E
:10816000DC4F002041060020400600205C0100207A
:1081700000100240E54F0020E44F0020D84F0020BF
:10818000C44F002045000020E64F00204406002098
:10819000580100203700002054010020DE0200209A
:1081A000DD02002005F04CFD0B480C490C4A002371
:1081B00002E0D458C4500433C4188C42F9D3094A9D
:1081C000094C002301E013600432A242FBD305F006
:1081D00081FE05F04DFB704700000020CC0100201F
:1081E000B0E30008D0010020003D0020FEE70000C1
:1081F00008B5074A0320136843F01003136000F02A
:10820000CDFF062005F048FC05F01CFC002008BD51
:1082100000200240034A044B11681B780B44136092
:10822000704700BF4C0600205E010020014B18681B
:10823000704700BF4C06002038B50446FFF7F6FF34
:108240000546631C1EBF044B1B78E418FFF7EEFFC6
:10825000431BA342FAD338BD5E010020024A536893
:1082600023F0010353607047002004E0436A9A6AD8
:1082700012F0500F1AD19A6A42F400729A621A6888
:10828000926802F46022B2F5602F0CD11A7B52B9C9
:108290009A6A22F480729A629A6AD2045EBF9A6ADB
:1082A00042F001029A6218461A6B10471B6A1B6B58
:1082B0001847406A436B1847406A836A43F040039B
:1082C0008362C36A43F00403C362C36B18477047F9
:1082D000704770B5036804461D685E68B00626D511
:1082E000A90724D5A26AD2065EBFA26A42F4007230
:1082F000A2629A6802F46022B2F5602F10D1227B4C
:1083000072B95A6822F020025A60A36A23F480737B
:10831000A362A36AD8045EBFA36A43F00103A36209
:10832000236B204698476FF0120223681A603106CB
:1083300030D56A072ED5A36ADB065EBFA36A43F475
:108340000053A36223689A6802F4E042B2F5E04F5A
:108350000AD05A68500516D49A6802F46022B2F521
:10836000602F10D1227B72B95A6822F080025A60C5
:10837000A36A23F48053A362A36AD9055EBFA36AEC
:1083800043F00103A362236C204698476FF00C0270
:1083900023681A6072060CD5EB070AD5A36A20463B
:1083A00043F48033A362A36B98476FF00102236804
:1083B0001A6070BD002373B5019390F82430024613
:1083C000012B71D0012380F824304C680068062C02
:1083D0000D684FEA840325D823441F24466B053BD0
:1083E0009C4026EA040405FA03F3234343630C6824
:1083F0001668092C04EB44008B684FF0070429D958
:10840000F5681E38844025EA040483402343F36062
:108410000B68103B012B25D90020002382F8243063
:1084200002B070BD0C2C23444FF01F0409D8066B1A
:10843000233B9C4026EA040405FA03F32343036329
:10844000D5E7C66A413B9C4026EA04049D402C4384
:10845000C462CCE73569844025EA040483402343A1
:108460003361D5E713681148834217D19868000239
:10847000D2D4986840F4000098600B68102BCBD1E0
:108480000B4B0C491B68B3FBF1F30A214B430193DF
:10849000019B002BC0D0019B013BF8E7936A0120B0
:1084A00043F020039362B8E70220B9E700240140BB
:1084B0007801002040420F0030B590F82420034698
:1084C000012A1FD0012280F824200268087A01289E
:1084D00050680CBF40F0400020F0400050601C6825
:1084E000D1E90020656802430748284002436260E2
:1084F000C8681A685062002009691A68916283F896
:10850000240030BD0220FCE7E0FD3FFF002337B52B
:108510000193036804469A68D20702D5002003B08D
:1085200030BD9A6842F001029A60144B144A1B68ED
:10853000B3FBF2F30193019BE3B9FFF777FE054626
:1085400023689B68DB07E9D4FFF770FE401B022815
:10855000F6D923689B6813F00103F1D1A26A0120C8
:1085600042F01002A262E26A84F8243042F0010272
:10857000E262D4E7019B013BDCE700BF7801002009
:1085800040420F002DE9F041414B904602680446FD
:108590009A420F4602D03F498A4203D15B6813F4E6
:1085A000702F70D194F82430012B6ED00123204617
:1085B00084F82430FFF7AAFF064600285FD1A56A99
:1085C0002168344B25F4706525F0010545F480756C
:1085D0009942A56204D12E4A536813F4702F40D1FA
:1085E000A36A23F48013A3624B685A0505D5A36AD6
:1085F00023F4405343F48053A362A36A264A13F43E
:1086000080531CBFE36A23F00603E362002384F86F
:108610002430236A9A62236A204ADA62236A204A53
:108620001A636FF0020223681A602268936843F4A9
:1086300080739360216843463A46206A4C3100F0CB
:10864000BFFE23689A6802F46022B2F5602F9A6830
:108650000CBF42F4A00242F480129A603046BDE89A
:10866000F081A36A43F48013A36253685B0541BFA2
:10867000A06A20F4405040F48050A062BDE700237F
:1086800084F82430EAE70126E8E70226E6E700BF9F
:1086900000240140002801406D820008B3820008D8
:1086A000B982000838B5036804469A68D10701D436
:1086B000002038BD9A6822F001029A60FFF7B6FDEB
:1086C000054623689B68DB07F2D5FFF7AFFD401B2B
:1086D0000228F6D923689B68DA07F2D5A36A01203D
:1086E00043F01003A362E36A43F00103E362E0E7AF
:1086F00070B5044600287CD0836A9BB9C36280F8B9
:1087000024303F4B03633F4B43633F4B83633F4BFB
:10871000C3633F4B0364436C0BB93E4B4364204639
:10872000636C98472046FFF7BDFFA36A13F0100360
:1087300061D100285FD1A26A616822F4885222F0D8
:10874000020242F00202A262E269257B1143A268A2
:1087500041EA4501B2F5807F03D0561E7242724154
:108760001202267D012E07D1002D2FD1A569013DD2
:1087700042EA453545F400622668756825F4694586
:108780002A4372602568244AAE6832400A43AA60D0
:10879000A268B2F5807F01D0012A02D12369013B92
:1087A0001B052568EA6A22F470021343EB62236812
:1087B0009A681A4B1340994211D10023E362A36ACD
:1087C00023F0030343F00103A36270BDA56A45F0E3
:1087D0002005A562E56A45F00105E562CCE7A36ADC
:1087E00023F0120343F01003A362E36A43F0010392
:1087F000E3620120E9E7A36A43F01003A362F8E70C
:10880000E1D40008CF820008D18200088DD700088B
:108810007D8A000879CE0008FDF7E1FFFE0E1FFFFC
:1088200038B50446002865D0836A43F002038362AA
:10883000FFF738FF0546002857D16FF01F02236865
:108840001A6022682C4B51680B40536022682B4BF6
:1088500091680B4093602268D36803F07F43D36034
:108860002268136903F0404313612168244B4A696D
:108870001A404A6121688A691A408A612168CA6976
:108880001A40CA6121680A6A1A400A6221684A6A63
:108890001A404A6221688A6A13408B622268194929
:1088A000D36A03F07F43D3622268D36A03F07F4325
:1088B000D3622268136B03F0404313632268536B47
:1088C00003F0404353632268936B0B409363226829
:1088D000936B0B409363A36C0BB90B4BA364A36C1A
:1088E000204698470023E362A362002384F82430E3
:1088F000284638BD0125FBE700003FFFF00601FFD9
:1089000000F0FFFF0000C0FF11CF000810B590F885
:1089100024300446012B11D0012380F82430FFF7C6
:10892000C1FE38B9A36A23F4885323F0010343F04E
:108930000103A362002384F8243010BD0220FCE769
:1089400038B590F824300446012B25D0012380F857
:108950002430FFF7A7FE0546A0B92268936823F4E8
:1089600080739360206A90F82130022B0AD100F0C6
:108970006CFDA36A58B923F4885323F0010343F034
:108980000103A362002384F82430284638BD43F055
:1089900040030546A362F5E70225F6E7002373B519
:1089A000019390F824300446012B62D0012380F813
:1089B0002430FFF777FE2046FFF7A8FD0546002884
:1089C0002FD1A36A022023F4885323F0020343F03B
:1089D0000203A362284B1E6801F0E2FCB6FBF0F62E
:1089E00076000196019B03BB2268936843F008035D
:1089F0009360FFF71BFC064623689A68110718D49A
:108A00009A6842F004029A60FFF710FC0646236859
:108A10009B685B0723D4A36A23F0030343F001039D
:108A2000A362002384F8243016E0019B013B0193EC
:108A3000D8E7FFF7FBFB801B0A28DDD923689B687A
:108A40001807D9D5A36A012523F0120343F01003B8
:108A5000A362002384F82430284602B070BDFFF7DB
:108A6000E5FB801B0A28D2D923689B685A07CED51C
:108A7000E8E70225F0E700BF780100207047704763
:108A8000704770477047704770477047704770472E
:108A90007047704738B50446002800F0948090F87D
:108AA000203003BB4C4B03644C4B43644C4B8364FE
:108AB0004C4BC3644C4B83624C4BC3624C4B0363C3
:108AC0004C4B43634C4B83634C4BC3634C4B036530
:108AD0004C4B43654C4B8365C36D0BB94B4BC36526
:108AE0002046E36D98472268136843F00103136042
:108AF000FFF79CFB054623685A68D10757D51A68CB
:108B000022F002021A60FFF791FB054623685A68BB
:108B100092075AD4227E0020012A1A680CBF42F024
:108B2000800222F080021A602368627E012A1A689D
:108B30000CBF42F0400222F040021A602368A27E7D
:108B4000012A1A680CBF42F0200222F020021A60AB
:108B50002368E27E012A1A680CBF22F0100242F05C
:108B600010021A602368227F012A1A680CBF42F0A3
:108B7000080222F008021A602368627F012A1A683C
:108B80000CBF42F0040222F004021A60D4E902325F
:108B90001343226921681343626913436268013AEF
:108BA0001343CB610123606284F820300CE0FFF7AF
:108BB0003DFB401B0A289ED9636A43F4003363627D
:108BC000052384F82030012038BDFFF72FFB401B20
:108BD0000A289BD9F0E700BF815900088D8A000858
:108BE000B55800088F8A0008818A0008838A000827
:108BF000858A0008878A0008898A00088B8A00080D
:108C0000918A0008938A00087F8A000865D00008CE
:108C100070B590F820200368013A012A69D8012034
:108C2000D3F8002242F00102C3F800224A69D3F8C7
:108C30001C4202F01F0200FA02F224EA0204C3F806
:108C40001C42CC69D043ACB9D3F80C420440C3F801
:108C50000C42CE684C698D88483445EA064543F895
:108C600034504C698E680D88483445EA064503EB5C
:108C7000C4046560CC69012C15D1D3F80C421443AF
:108C8000C3F80C420E684C698D88483445EA0645A5
:108C900043F834504C698E688D89483445EA06455E
:108CA00003EBC40465608C69DCB9D3F8044204406A
:108CB000C3F804420C69C4B9D3F814422040C3F885
:108CC00014020020096A012902BFD3F81C120A43CA
:108CD000C3F81C22D3F8002222F00102C3F80022BC
:108CE00070BDD3F804421443E2E7D3F814021043F2
:108CF000E5E7436A43F4802343620120F0E738B597
:108D000090F820300446012B1FD10223026880F81E
:108D10002030136823F001031360FFF787FA05463C
:108D20002368586810F0010001D1606238BDFFF778
:108D30007DFA401B0A28F3D9636A43F40033636267
:108D4000052384F820300120F0E7436A43F4002330
:108D50004362F8E790F82030013B012B06D8026807
:108D60000020136843F0020313607047436A43F422
:108D70008023436201207047002282B0019290F864
:108D800020200346013A012A18D801680A6822F017
:108D900002020A600B49019A01320192019A8A4249
:108DA00005D95A6A42F4003201205A6204E01A6876
:108DB000506810F00200EED102B07047426A42F4EF
:108DC0008022F1E740420F00F0B590F8205004688F
:108DD000013D012DA46845D814F0E05F3CD0012589
:108DE000C4F30164A5401D608B680668CD6804F17A
:108DF000180753BB0B6845EA43553B01F550036820
:108E00000D6903EB07135D600B7D012B4FEA041323
:108E100007D101681944D1F8844144F48074C1F841
:108E20008441016854681944C1F88C411168026892
:108E30001A44C2F88811026800201344D3F8802134
:108E400042F00102C3F88021F0BD2B434D6843EA94
:108E5000C5033D017351D2E7436A43F400134362F3
:108E60000120F1E7436A43F48023F8E7F0B590F876
:108E70002040013C012C79D8046841B9E568AD0770
:108E800007D1436A43F4001343620120F0BD256912
:108E9000F5E701F11B052E01A45904F004049460C8
:108EA0000768002C59D1BC59640D146006682C0168
:108EB000345904F00204D46006680C0106EB011674
:108EC000D6F8B4713F074EBF0826D6F8B46106F055
:108ED0000F061661066806EB05167668C6F30726C8
:108EE0009661066806EB051675682D0C55610268DB
:108EF0002244D2F8B8211A7002682244D2F8B8216C
:108F0000120A5A7002682244D2F8B821120C9A70E0
:108F100002682244D2F8B821120EDA7002682244A4
:108F2000D2F8BC211A7102682244D2F8BC21120A7C
:108F30005A7102682244D2F8BC21120C9A7102685C
:108F40002244D2F8BC21120EDA71036849B9DA68FA
:108F500042F02002DA60002098E7BC59E40854602F
:108F6000A4E71A6942F020021A61F4E7436A43F465
:108F7000802389E790F82030013B012B05D8026857
:108F800000205369194351617047436A43F48023B9
:108F90004362012070472DE9F14F036804465E6982
:108FA000D3F8048016F00105D3F808B0D3F80CA06C
:108FB000D3F810909F6947D01BF0010F06D0012213
:108FC0001BF0020F9A6010D0836A984700251BF4AB
:108FD000807F1DD04FF4807223681BF4007F9A605D
:108FE00011D0E36A2046984712E01BF0040F04D129
:108FF0001BF0080F04D1436BE7E74FF40065E6E789
:109000004FF48055E3E71BF4806F0FD045F4005513
:109010001BF4803F18D04FF4803223681BF4003FCC
:109020009A600BD0236B204698470DE01BF4006F2D
:1090300002D045F48045EBE7A36BD3E71BF4802F08
:1090400000F08B8045F40045320707D51AF0100F69
:109050001FBF1022236845F40075DA60730708D536
:109060001AF0080F05D0082223682046DA60636CE6
:109070009847B00706D52368DB68990702D02046D9
:10908000236C9847720607D519F0100F1FBF1022E6
:10909000236845F480651A61B30608D519F0080FF6
:1090A00005D00822236820461A61E36C9847F00631
:1090B00006D523681B69990702D02046A36C984700
:1090C000B20308D518F0100F05D0102223682046EF
:1090D0005A60236D9847F30308D518F0080F05D0A0
:1090E0000822236820465A60636D984730042AD5C9
:1090F00018F0040F24D0F10503D5FA0748BF45F056
:109100000105B30503D5B80748BF45F00205710551
:1091100003D57A0748BF45F00405330510D517F08D
:1091200070030DD0402B30D01FD8202B27D0302BF0
:1091300028D0102B20D02268936923F0700393610C
:10914000042223685A6035B32046636A2B43636266
:10915000A36D01B0BDE8F04F18471BF4002F02D0FB
:1091600045F4803570E7E36B5DE7502B10D0602B42
:10917000E1D145F48075DEE745F00805DBE745F011
:109180001005D8E745F02005D5E745F04005D2E7C2
:1091900045F08005CFE701B0BDE8F08F0749030235
:1091A000CA6803F4E06322F4E0621204120C134371
:1091B00043F0BF6343F40033CB60704700ED00E041
:1091C00030B5154BDC68C4F30224C4F10703251D38
:1091D000042B28BF0423062D4FF0FF3594BF002435
:1091E000033C05FA03F321EA0303A54022EA050242
:1091F000A340002843EA0203ACBF00F16040074AE5
:109200004FEA0313DBB2ABBF00F5614000F00F0083
:1092100080F80033135430BD00ED00E014ED00E0A1
:10922000002807DB01234109034A00F01F008340A7
:1092300042F82130704700BF00E100E000280CDB5D
:1092400001220649430900F01F008240203341F803
:109250002320BFF34F8FBFF36F8F704700E100E013
:10926000002808DB01224309034900F01F00824067
:10927000603341F82320704700E100E010B5044658
:1092800050B1437903F0FF0213B9027103F034FFC8
:1092900001230020637110BD0120FCE738B50446AE
:1092A00098B14379022BDDB20DD00223002502686C
:1092B0004371936843F00103936003681D7103F0E9
:1092C0002FFF65712571284638BD0125FBE7034650
:1092D000022010B51C685871A06801EB820240F0B2
:1092E0000100A0609142186803D1012200685A7100
:1092F00010BD51F8044B0460F4E70000034610B5BC
:1093000040B314210068144A0244B2FBF1F2920007
:109310001A64124ADA63022283F82120D3E9012475
:109320002243DC68016822431C6921F47F512243F7
:109330005C6921F0300122439C692243DC692243AD
:109340000A43026000200122986383F8200083F81A
:10935000212010BD0120FCE7F8FFFDBF0000024006
:10936000034610B528B30168134C0A6822F00102C5
:109370000A600268002010601A6850601A689060E5
:109380001A68D06019680D4ADC630A441421B2FBE4
:10939000F1F2012192001A6401FA02F26260C3E95B
:1093A0000A00C3E90C00986383F8200083F82100C9
:1093B00010BD0120FCE700BF00000240F8FFFDBF28
:1093C00070B590F82040012C3DD0012490F8215038
:1093D00080F82040012DECB24FF0000531D102267B
:1093E00080F8216006688563356825F001053560E1
:1093F000D0E90F56B4406C60046863604368102B7A
:1094000003680BBF9A609960036803680CBFD9605A
:10941000DA60C26A036852B11A6842F00E021A603A
:1094200002680020136843F00103136070BD1A68DE
:1094300022F004021A600268136843F00A03136002
:10944000EEE780F820500220F0E790F82120034654
:10945000022A06D0042282630120002283F8202001
:10946000704701680A6822F00E020A6001680A6803
:1094700022F001020A6001211A6CC06B01FA02F2AB
:109480004260002083F82110E7E7000030B4042494
:10949000C36B056C1968AC4003680C421A6833D082
:1094A000540731D51A6895065EBF1A6822F0040287
:1094B0001A6003683F4A934219D01432934218D07D
:1094C0001432934217D01432934217D0143293427D
:1094D00017D01432934214BF4FF080634FF48003CF
:1094E000354A5360C36A002B61D030BC184704234F
:1094F000F6E74023F4E74FF48063F1E74FF480434D
:10950000EEE74FF48023EBE70224AC400C4236D068
:10951000940734D51A68910606D41A6822F00A0214
:109520001A60012380F821300368224A934219D03F
:109530001432934218D01432934217D0143293420B
:1095400017D01432934217D01432934214BF4FF005
:1095500000734FF40013184A5360002380F8203042
:10956000836AC0E70223F6E72023F4E74FF4007391
:10957000F1E74FF40053EEE74FF40033EBE7082434
:10958000AC400C4213D0120711D51A6822F00E021B
:109590001A600123026CC16B03FA02F24A60836312
:1095A00080F82130002380F82030036B9BE730BC2B
:1095B000704700BF0800024000000240114AD36813
:1095C00013F0100305D01049CB6943F00203CB61BF
:1095D0001023D268500706D50B4943F00403CA692B
:1095E00042F00102CA61074AD169C90708D5064895
:1095F000C16941F00401C161D16921F00101D1616A
:10960000D36070470020024050060020704770472A
:1096100070B5424B424CDA6812F0100F02D1DB6891
:109620005A070AD54FF0FF33A568A360FFF7C6FFBE
:109630002846FFF7ECFF00232370384DEB689B06AC
:1096400018D52023EB602378A3B12378012B27D1F1
:109650006368013B63606368DBB1A068FFF7D6FF16
:10966000A06800F58060A0602B6923F002032B61E5
:1096700000F0F6F8237803F0FF014BB9274B1A6985
:1096800022F007021A611A6922F4A0521A612176A7
:1096900070BD4FF0FF30A0602370FFF7B7FFE9E720
:1096A0002378022B09D12B69002023F004032B61BE
:1096B000FFF7ACFF00232370DCE76368013B6360C6
:1096C0006368D3B1A3680233A360A668D4E9040138
:1096D000020C42EA01420B0CC4E904232B6923F07B
:1096E00001032B61D4E904230023E3612B6992B2C7
:1096F00043F001032B613280BCE72378032B06D1B2
:10970000A068FFF783FF4FF0FF33A360D2E7237811
:10971000A068042B0CBF02380638F2E70020024094
:1097200050060020064B186910F0800007D0054A4B
:109730005A6002F188325A601869C0F3C01070474D
:109740000020024023016745034A0020136943F0CB
:1097500080031361704700BF00200240014BD869AD
:10976000704700BF5006002070B50546FEF75EFD4D
:109770000646114CE368D80712D4E368990644BF43
:109780002023E360E368DA0606D4E369DB0703D449
:10979000E06810F0040007D0FFF710FF012003E09D
:1097A0006B1CE7D00DB9032070BDFEF73FFD801B99
:1097B000A842DFD9F7E700BF002002402DE9F84FAB
:1097C000DFF894A01F469AF818300546012B88460A
:1097D00091463FD001234CF250308AF81830FFF701
:1097E000C3FF90BB012D03D0022D14BF0425022519
:1097F00000263346DFF864B03401C4F12001A4F13F
:10980000200207FA01F129FA04F4CAF81C300C43CB
:1098100027FA02F21443DBF81020A4B242F001024E
:10982000CBF810204CF2503028F81640FFF79CFF80
:10983000DBF8102022F00102CBF8102028B9013605
:10984000F2B295424FF00003D6D800238AF81830C0
:10985000BDE8F88F0220FBE7500600200020024000
:109860000022064BDA61064B1A6942F002021A61C5
:1098700058611A6942F040021A6170475006002090
:10988000002002402DE9F041264F05463B7E8846E8
:10989000012B44D001243C7603684CF25030022B5B
:1098A0001AD1FFF761FF20B1012000233B76BDE80C
:1098B000F0811D4CF86123694CF2503043F00403F1
:1098C0002361236943F040032361FFF74DFF2369C0
:1098D00023F004032361E8E7FFF746FF0028E3D104
:1098E0004FF0FF33C8F800302046AE680E4CD5E983
:1098F000023203EB8223B342D7D93046FFF7B0FFE1
:109900004CF25030FFF730FF236923F0020323614C
:1099100010B1C8F80060C8E706F58066E7E70220E6
:10992000C5E700BF50060020002002402DE9F74F98
:1099300000221546794E7A4BDFF8E8C17A4FD1F80C
:1099400000E03EFA05F402D103B0BDE8F08F4FF01D
:10995000010808FA05F80EEA080438EA0E0E40F08D
:10996000A180D1F804E0BEF1030F09D80EF1FF3E4B
:10997000BEF1020F00F2A680DFE80EF0B8BDC30012
:10998000BEF1120F00F0BA8000F28E80BEF1110F0E
:1099900000F0AE80FF2C98BF82464FF00F094FEACF
:1099A000850E84BF00F1040AAEF1200EDAF80080C3
:1099B00009FA0EFB28EA0B0802FA0EFE48EA0E0826
:1099C000CAF80080D1F804E01EF0805F6AD0D6F8B3
:1099D00018E025F003084EF0010EC6F818E0D6F89E
:1099E00018E008F180480EF0010ECDF804E008F50B
:1099F000803805F0030ADDF804E04FEA8A0AD8F857
:109A000008E009FA0AF92EEA0909DFF820E17045B1
:109A10007BD00EF5806E70457AD00EF5806E704565
:109A200079D00EF5806E704514BF4FF0040E4FF0E4
:109A3000030E0EFA0AFE4EEA090EC8F808E0D1F845
:109A400004E01EF4801FD3F808E014BF4EEA040EB1
:109A50002EEA040EC3F808E0D1F804E01EF4001F5B
:109A6000D3F80CE014BF4EEA040E2EEA040EC3F83D
:109A70000CE0D1F804E01EF4003FD3F804E014BF7A
:109A80004EEA040E2EEA040EC3F804E0D1F804E016
:109A90001EF4803FD3F800E014BF4EEA04042EEA1F
:109AA00004041C6001354AE7DFF88490CE4509D0F4
:109AB00014D8A9F58019CE4504D0E64502D0BE459C
:109AC0007FF468AF8A68F2B1012A08BFC0F810803D
:109AD0004FF0080218BFC0F814805BE7DFF854901D
:109AE000CE45EFD009F58039CE45E9E7CA6851E7A0
:109AF000CA6804324EE7CA6808324BE7CA680C32BB
:109B000048E7002246E7042244E74FF0000E90E7C2
:109B10004FF0010E8DE74FF0020E8AE70010024071
:109B20000004014000002110000011100008014055
:109B300000002210000031102DE9F74F4FF0040B08
:109B400000224FF0010A4FF00F0800EB0B030193C6
:109B50002E4B31FA02F402D103B0BDE8F08F0AFABD
:109B600002F70F4049D022F0030404F1804404F5C9
:109B7000803402F0030CA5684FEA8C0C08FA0CF94B
:109B800009EA050E224DA84239D005F58065A842A4
:109B900037D005F58065A84235D005F58065A84227
:109BA0000CBF0325042505FA0CF575456FEA070679
:109BB0000FD11D6835401D605D6835405D60DD6812
:109BC0003540DD609D6835409D60A56825EA090542
:109BD000A560FF2F94BF0746019F4FEA82043D68AE
:109BE00088BF203C08FA04FC25EA0C050BFA04F4B3
:109BF00025433D60C4683440C4600132A9E70025B4
:109C0000D1E70125CFE70225CDE700BF00040140E1
:109C1000000801408368194214BF012000207047EA
:109C20000AB1016170470904FBE738B5044620B367
:109C30004CF6CC4203681A6045F2555203681A602C
:109C4000D0E900325A60036882689A60FEF7EEFA43
:109C500005462268D06810F0030003D14AF6AA2313
:109C6000136038BDFEF7E2FA401B2728F1D92368BC
:109C7000DB689B07EDD00320F3E70120F1E74AF60C
:109C8000AA22036800201A60704700001A4A01687F
:109C9000136823F0E0030B431360184B5A6822F457
:109CA00080325A601A6822F480321A60DA6822F42C
:109CB0008032DA609A6822F480329A604268D10376
:109CC00042BF1A6842F480321A604268920342BF6F
:109CD0005A6842F480325A604268D10742BF9A689B
:109CE00042F480329A604268920742BFDA6842F4D6
:109CF0008032DA60704700BF00700040000401400D
:109D00000122014B1A61704700000E420022014BF4
:109D10001A61704700000E42064A0129136923F0B8
:109D20000403136101D130BF704740BF20BF20BF83
:109D3000704700BF00ED00E0024A136943F00203E0
:109D40001361704700ED00E0024A136923F002033B
:109D50001361704700ED00E07047000010B5054C3E
:109D60006369DB0304D5FFF7F7FF4FF480336361CA
:109D700010BD00BF000401402DE9F341044638B393
:109D80000368DB0710D423689F0759D42368190799
:109D900000F1908023685A0700F1BC80E369002B32
:109DA00040F0248100202BE08C4D6B6803F00C0305
:109DB000042B07D06B6803F00C03082B0AD16B68E7
:109DC000DE0307D52B689D03DDD56368002BDAD150
:109DD000012015E06368B3F5803F14D12B6843F48C
:109DE00080332B606368FBB1FEF720FA06462B68D0
:109DF0009803C8D4FEF71AFA801B6428F7D9032009
:109E000002B0BDE8F0813BB92B6823F480332B60AE
:109E10002B6823F48023E4E7B3F5A02F2B68F4D15B
:109E200043F480232B60D9E7FEF700FA06462B683F
:109E30009903A8D5FEF7FAF9801B6428F7D9DEE765
:109E4000664D6B6813F00C0F07D06B6803F00C03C2
:109E5000082B10D16B68DA030DD42B689B0702D551
:109E60002369012BB4D12B68626923F0F80343EA1C
:109E7000C2032B608AE72269594B6AB101221A603A
:109E8000FEF7D4F906462B689F07ECD4FEF7CEF90F
:109E9000801B0228F7D9B2E71A60FEF7C7F9064619
:109EA0002B6898077FF572AFFEF7C0F9801B022878
:109EB000F6D9A4E7A269494E494BE2B10122C3F8A1
:109EC0008024FEF7B3F90546736A9B070DD54FF45E
:109ED000FA52444B1B68B3FBF2F3019300BF019BA2
:109EE0005A1E0192002BF9D154E7FEF79FF9401B4F
:109EF0000228E9D983E7C3F88024FEF797F90546DD
:109F0000736A9F077FF546AFFEF790F9401B022862
:109F1000F6D974E7314DEB69D80027D40127EB69F6
:109F200043F08053EB61EB6903F080530093009B97
:109F30002D4E3368D9051BD5E368012B29D12B6A37
:109F400043F001032B62E368002B38D0FEF76EF973
:109F500041F2883806462B6A9B072AD5002F3FF42A
:109F60001DAFEB6923F08053EB6117E70027DFE7B4
:109F7000336843F480733360FEF758F980463368E2
:109F8000DA05D9D4FEF752F9A0EB08006428F6D917
:109F900035E73BB92B6A23F001032B622B6A23F0D0
:109FA0000403CFE7052B2B6AF5D143F004032B62A2
:109FB000C5E7FEF73BF9801B4045CCD91FE7FEF70C
:109FC00035F941F2883806462B6A9807C6D5FEF760
:109FD0002DF9801B4045F7D911E700BF0010024062
:109FE0000000424278010020007000402B4D6A685A
:109FF00002F00C02082A3FD00022022B284B1A66DE
:10A000002DD1FEF713F906462B68990121D4236A56
:10A01000B3F5803F05D16B68A26823F40033134386
:10A020006B606A68D4E9083122F474120B4313435D
:10A0300001226B601A4B1A66FEF7F8F804462B688B
:10A040009A013FF5AFAEFEF7F1F8001B0228F6D9F2
:10A05000D5E6FEF7EBF8801B0228D5D9CFE6FEF750
:10A06000E5F804462B689B017FF59CAEFEF7DEF811
:10A07000001B0228F6D9C2E6012B3FF4A9AE68689E
:10A08000236A00F480329A427FF4A2AE636A00F43D
:10A090007010C01A18BF0120B2E600BF00100240C5
:10A0A000000042420D4A536803F00C01082912D106
:10A0B0000B48C3F38341DB03405C09D55368094A6D
:10A0C000C3F340435043084AD35CB0FBF3F07047FE
:10A0D000064B584370470348704700BF00100240CA
:10A0E00096E2000800127A0094E2000800093D00A0
:10A0F0002DE9F0410D46044610B90120BDE8F0817C
:10A10000464A136803F007038B422AD32368980753
:10A1100032D42368DA0745D4404A136803F00703B2
:10A12000AB4267D823683E4D13F0040F6ED123680D
:10A130001B0706D56B68226923F4605343EAC20308
:10A140006B60FFF7AFFF6B68364AC3F30313D35C52
:10A15000D840354B1860354B186803F09DFC002043
:10A16000CCE7136823F007030B431360136803F075
:10A1700007038B42C1D1C9E713F0040F284B1EBF60
:10A180005A6842F4E0625A602268110742BF5A6876
:10A1900042F460525A605A68A16822F0F0020A4301
:10A1A0005A60B6E762681E4E012A33681AD113F46A
:10A1B000003FA2D0736841F2883823F003031343B1
:10A1C0007360FEF733F807467368626803F00C03A8
:10A1D000B3EB820FA0D0FEF729F8C01B4045F3D99E
:10A1E00003208BE7022A02D113F0007FE1E713F08E
:10A1F000020FDEE7136823F007032B431360136895
:10A2000003F00703AB427FF478AF8BE76B68E2683B
:10A2100023F4E06313436B6089E700BF0020024032
:10A220000010024098E3000878010020600100203F
:10A23000044B054A5B68C3F30223D35C034A1068EE
:10A24000D84070470010024090E3000878010020D9
:10A25000044B054A5B68C3F3C223D35C034A10680E
:10A26000D84070470010024090E3000878010020B9
:10A270000F2303600B4B5A6802F0030242605A68D6
:10A2800002F0F00282605A6802F4E062C2605B6829
:10A29000DB0803F4E0630361034B1B6803F007036F
:10A2A0000B60704700100240002002402DE9F3418E
:10A2B00003680546D80721D5364CE369D9002CD46C
:10A2C0000126E36943F08053E361E36903F08053BF
:10A2D0000193019B304F3B68DA0520D5236A6A68F9
:10A2E00013F440732FD1236A6A6823F44073134335
:10A2F00023621EB1E36923F08053E3612B689A0760
:10A3000006D5244AA968536823F440430B4353609D
:10A310002B68DB0636D4002012E00026DAE73B6823
:10A3200043F480733B60FDF781FF80463B68DB05AB
:10A33000D4D4FDF77BFFA0EB08006428F6D90320F6
:10A3400002B0BDE8F08102F440729A42CBD0012005
:10A35000124A236AC2F84004002023F44071C2F874
:10A360004004D8072162BED5FDF760FF41F288386E
:10A370000746236A9907B6D4FDF758FFC01B40452E
:10A38000F7D9DCE7034AE968536823F480030B43F9
:10A390005360C0E7001002400070004000004242DD
:10A3A000022808B544D0102803D0012822D000206C
:10A3B00034E0254B5A68186810F080702ED0C2F334
:10A3C00083412248D20348BF5A68405C41BF2049BC
:10A3D000C2F34042895C1F4A5B684CBFB2FBF1F29A
:10A3E0001D4A5B0202FB00F018D403234000B0FBBF
:10A3F000F3F013E040F20231134A136A1940B1F549
:10A40000817F1ED003F44073B3F5007F07D149F676
:10A410004043506A10F0020018BF184608BDB3F55B
:10A42000407FC4D110684FF2244310F40030F3E7AA
:10A43000FFF70EFF044B5B68C3F3813301335B000E
:10A44000D5E74FF40040E9E700100240A8E2000819
:10A45000A6E2000800127A0000093D00036A026AC1
:10A4600070B522F001020262446882690D6822F030
:10A4700073022A438D6823F002032B430A4DA8423E
:10A480000BD1CD6823F008032B4324F44074D1E9A9
:10A490000556354323F004032C43446082614A6827
:10A4A0004263036270BD00BF002C0140036A026A70
:10A4B00070B522F4807202624468C2690D6822F0AD
:10A4C00073022A438D6823F4007343EA05230B4D7E
:10A4D000A8420DD1CD6823F4006343EA052324F498
:10A4E0004054D1E90556354323F4806344EA05140A
:10A4F0004460C2614A68C263036270BD002C0140BF
:10A50000036A026A30B522F4805202624468C2696A
:10A510000D6822F4E64242EA05228D6823F40053D6
:10A5200043EA0533064DA84202BF4D6924F4804436
:10A5300044EA85144460C2614A680264036230BD23
:10A54000002C014070477047704770477047704754
:10A550007047704770470000022341F2111210B596
:10A5600080F83D3003680446196A114208D140F270
:10A570004442196A114202BF1A6822F001021A60AD
:10A58000E36C0BB90E4BE3642046E36C9847002064
:10A5900084F8460084F83C0084F83E0084F83F00CC
:10A5A00084F8400084F8410084F8420084F84300B5
:10A5B00084F8440084F8450084F83D0010BD00BFD5
:10A5C00081DE000841F211120368196A114208D1B4
:10A5D00040F24442196A114202BF1A6822F0010295
:10A5E0001A60012380F83D300020704790F83D301C
:10A5F000012B21D10223026880F83D30D36843F05B
:10A600000103D36003680D4A93420AD0B3F1804F2F
:10A6100007D0A2F59432934203D002F580629342B0
:10A6200004D19A6802F00702062A03D01A6842F0A1
:10A6300001021A600020704701207047002C014081
:10A640000268D36823F00103D36041F2111203685A
:10A65000196A114208D140F24442196A114202BFFC
:10A660001A6822F001021A60012380F83D300020B0
:10A67000704710B5036804461A69910711D5DA6866
:10A6800092070ED56FF002021A6101230377036867
:10A690009B699B0700F08380D0F890309847002397
:10A6A000237723681A69500712D5DA6851070FD546
:10A6B0006FF004021A610223237723689B6913F465
:10A6C000407F73D0D4F890302046984700232377FA
:10A6D00023681A69120711D5DA6810070ED56FF0D2
:10A6E00008021A61042323772368DB69990764D081
:10A6F000D4F89030204698470023237723681A69BE
:10A70000D20612D5DA68D0060FD56FF010021A61A2
:10A71000082323772368DB6913F4407F54D0D4F8EF
:10A720009030204698470023237723681A69D10781
:10A7300009D5DA68D20706D56FF001021A61204602
:10A74000D4F88030984723681A69100609D5DA686A
:10A75000110606D56FF080021A612046D4F8B03099
:10A76000984723681A69520609D5DA68500606D553
:10A770006FF040021A612046D4F888309847236869
:10A780001A69910627D5DA68920624D56FF020025F
:10A790001A612046D4F8A830BDE810401847D0F818
:10A7A000983098472046D4F89C3077E7D4F8983012
:10A7B00020469847D4F89C3086E7D4F89830204655
:10A7C0009847D4F89C3095E7D4F8983020469847BD
:10A7D000D4F89C30A5E710BD034610B5002A68D018
:10A7E00090F83D40012CE0B239D11A2912D8DFE8A7
:10A7F00001F04446484A4C4E50525456585A5C5EFA
:10A800000E1215181B1E2124272A2D303300C3F8E1
:10A810008020002010BDC3F88420FAE7C3F8882008
:10A82000F7E7C3F88C20F4E7C3F89020F1E7C3F80A
:10A830009420EEE7C3F89820EBE7C3F89C20E8E704
:10A84000C3F8A020E5E7C3F8A420E2E7C3F8A820F6
:10A85000DFE7C3F8AC20DCE7C3F8B020D9E793F812
:10A860003D0030BB0D2924D8DFE801F007090B0DAE
:10A870000F11131517191B1D1F219A64C9E7DA64FC
:10A88000C7E71A65C5E75A65C3E79A65C1E7DA65A0
:10A89000BFE71A66BDE75A66BBE79A66B9E7DA66AC
:10A8A000B7E71A67B5E75A67B3E79A67B1E7DA67B8
:10A8B000AFE70120AEE700001A4A036890420AD0D1
:10A8C000B0F1804F07D0A2F59432904203D002F548
:10A8D0008062904215D14A6823F070031343114AF5
:10A8E00090420AD0B0F1804F07D0A2F59432904246
:10A8F00003D002F58062904203D1CA6823F440730A
:10A9000013434A6923F08003134303608B68C362D7
:10A910000B688362034B984204BF0B6903630123F6
:10A9200043617047002C0140036A026A70B522F04F
:10A9300010020262446882690D6822F4E64242EA2B
:10A9400005228D6823F0200343EA05130B4DA8422E
:10A950000DD1CD6823F0800343EA051324F440644D
:10A96000D1E90556354323F0400344EA85044460A9
:10A9700082614A688263036270BD00BF002C01409F
:10A9800038B590F83C300446012B5BD00120082AF2
:10A9900084F83C0043D006D8D2B1042A2CD000233E
:10A9A00084F83C3038BD0C2AF9D12068FFF7A8FDA7
:10A9B0002268D36943F40063D3612268D36923F426
:10A9C0008063D36122680969D36943EA012337E0D0
:10A9D0002068FFF743FD2268936943F00803936101
:10A9E0002268936923F004039361226809699369DB
:10A9F0000B4393610020D2E72068FFF795FF2268A0
:10AA0000936943F4006393612268936923F480633C
:10AA1000936122680969936943EA0123E9E72068A1
:10AA2000FFF744FD2268D36943F00803D36122682D
:10AA3000D36923F00403D36122680969D3690B4306
:10AA4000D361D7E70220ADE710B584680A4324F448
:10AA50007F4442EA03222243826010BD38B590F859
:10AA60003C300446012B4FF0020000F09A80012296
:10AA700084F83D00206884F83C20836823F47F43F9
:10AA800023F0770383600B68602B57D036D8402BB8
:10AA90006ED018D8202B0DD00AD833F0100109D071
:10AAA000012384F83D30002384F83C30104638BD43
:10AAB000302BF5D121688A6822F07002134343F0ED
:10AAC00007038B602DE0502BEAD123684868CD68DE
:10AAD000196A1A6A21F00A0122F001021A629A69BF
:10AAE000014322F0F00242EA05129A6119622268DB
:10AAF000936823F0700343F0570311E0B3F5805FD0
:10AB00000FD0B3F5005F0ED0702BC9D1CB68206891
:10AB1000D1E90121FFF798FF2268936843F077039A
:10AB200093600022BCE7CB682068D1E90121FFF7E0
:10AB30008BFF2268936843F48043F1E723684868F9
:10AB40001A6ACD68196A22F0A00221F01001196278
:10AB5000996942EA001221F4704141EA0531996194
:10AB60001A622268936823F0700343F06703D7E703
:10AB700023684868CD68196A1A6A21F00A0122F030
:10AB800001021A629A69014322F0F00242EA0512B8
:10AB90009A6119622268936823F0700343F04703B7
:10ABA000BEE7024682E710B50124036A01F01F01E7
:10ABB0008C4023EA04030362036A8A401A43026258
:10ABC00010BD000010B5044629B990F83E30012BA5
:10ABD0001ED0012042E0042907D190F83F30012B1C
:10ABE000F7D1022380F83F3015E008290CBF90F818
:10ABF000403090F84130013B18BF0123002BE8D1D1
:10AC0000022308290CBF84F8403084F8413002E068
:10AC1000022380F83E3001222068FFF7C4FF23683A
:10AC20000F4A934202BF536C43F4004353642368BA
:10AC3000934209D0B3F1804F06D00A4A934203D021
:10AC400002F58062934204D19A6802F00702062A54
:10AC500003D01A6842F001021A60002010BD00BF44
:10AC6000002C014000040040FFF7ACBF134BC0F8BC
:10AC70008030134BC0F88430124BC0F88830124B30
:10AC8000C0F88C30114BC0F89030114BC0F89430A4
:10AC9000104BC0F89830104BC0F89C300F4BC0F8E8
:10ACA000A0300F4BC0F8A4300E4BC0F8A8300E4BAC
:10ACB000C0F8AC300D4BC0F8B0307047CDD70008AD
:10ACC00045A5000851A5000853A5000849A500089E
:10ACD0004BA5000847A500084DA500084FA5000892
:10ACE00055A500087FAE000881AE000883AE0008BD
:10ACF00010B5044668B390F83D3003F0FF0253B935
:10AD000080F83C20FFF7B2FF836C0BB9124B8364D1
:10AD10002046A36C98470223206884F83D30211D0B
:10AD2000FFF7CAFD0123002084F8463084F83E3046
:10AD300084F83F3084F8403084F8413084F8423061
:10AD400084F8433084F8443084F8453084F83D304A
:10AD500010BD0120FCE700BF3DDD000810B5044632
:10AD600068B390F83D3003F0FF0253B980F83C20FF
:10AD7000FFF77CFF036E0BB9124B03662046236E70
:10AD800098470223206884F83D30211DFFF794FD89
:10AD90000123002084F8463084F83E3084F83F30A8
:10ADA00084F8403084F8413084F8423084F84330ED
:10ADB00084F8443084F8453084F83D3010BD0120DB
:10ADC000FCE700BF15DD000830B590F83C200346D5
:10ADD000012A4FF0020026D001221C6883F83C2093
:10ADE00083F83D0062680D6822F070022A43A06873
:10ADF00062601A680C4CA2420AD0B2F1804F07D0B0
:10AE0000A4F59434A24203D004F58064A24204D194
:10AE1000496820F08000014391600122002083F8FE
:10AE20003D2083F83C0030BD002C014090F83C30C0
:10AE30000246012B21D0012380F83C30CB68886882
:10AE400023F440730343486823F480630343086892
:10AE500023F400630343086923F4805303434869E0
:10AE600023F4005303430020C96923F480430B43B8
:10AE700011684B6482F83C007047022070477047AD
:10AE80007047704710B501F0DBFC20B1D0E900300D
:10AE9000BDE81040184710BD38B5EFF305831BB16E
:10AEA0006FF00504204638BDEFF31083002BF7D177
:10AEB000094D2C68022C06D1EFF31183002BEFD142
:10AEC0004FF0FF34EEE7002CFAD1044801F0E8FE21
:10AED00001232B60E6E700BF7C30002064010020E6
:10AEE00010B5EFF3058313B16FF0050010BDEFF35C
:10AEF0001084002CF8D1094B1A68022A06D1EFF30E
:10AF00001183002BF0D14FF0FF30EFE7012AFAD187
:10AF100002221A6000F040FE2046E7E77C30002065
:10AF2000F0B51446002287B00B460592EFF3058278
:10AF300052BBEFF310823ABB264A1268022A02D1B2
:10AF4000EFF3118202BBF8B100228DF81320002C20
:10AF500030D0216809B90DF11301A569002D08BF92
:10AF600018256A1E372AAC462AD86268D20727D429
:10AF7000666966B1B208D4E9027E57B1BEF5D27FE8
:10AF800002D3246904B1EEB9059807B0F0BD802260
:10AF9000F1E7BEF1000FF7D12469002CF4D105AC24
:10AFA000CDE900C492B200F04AFD01281CBF002385
:10AFB0000593E9E74FF0180C80220DF11301EEE73D
:10AFC0000020E2E7CDE90147009500F0FFFC059085
:10AFD000DAE700BF7C300020F7B506460D4617467D
:10AFE0001C46EFF3058313B1002003B0F0BDEFF36F
:10AFF0001083002BF8D1164B1B68022B03D1EFF303
:10B000001183002BF0D1002EEED0082001F0AEFD10
:10B0100003460028E8D02A1E18BF0122C0E90067B5
:10B020007CB12068D4E9021441B12F2CDCD9019104
:10B0300008490091012101F064FAD6E7002CD3D130
:10B040000446044920460091012101F033FACCE77F
:10B050007C30002085AE000807B50A46EFF3058373
:10B0600023B16FF0050003B05DF804FBEFF310832C
:10B07000002BF6D10B4B1B68022B03D1EFF311838E
:10B08000002BEED150B100230421009301F076FA99
:10B09000012814BF6FF002000020E4E76FF0030006
:10B0A000E1E700BF7C30002013B50446EFF30583D1
:10B0B0001BB16FF0050002B010BDEFF31083002B41
:10B0C000F7D10F4B1B68022B03D1EFF31183002B39
:10B0D000EFD17CB1204601F09DFB70B1002303212C
:10B0E0001A462046009301F049FA013818BF4FF084
:10B0F000FF30E0E76FF00300DDE76FF00200DAE712
:10B100007C300020034B0360034B0B6080231360F3
:10B11000704700BF140C0020140A0020034B03608A
:10B12000034B0B6080231360704700BF7008002042
:10B13000700600204FF0FF3200F10803C0E902233F
:10B14000436003610023036070470023036170477D
:10B1500043684B609A688A6051609960086103682F
:10B1600001330360704730B50C68631C0AD1036972
:10B170005A684A6091608B605960086103680133C6
:10B18000036030BD00F10802134652681568A542FD
:10B19000FAD9EDE70369D0E901128A60416851608C
:10B1A0005A68824204BF82685A60002202611A68AB
:10B1B000013A1A601868704710B5044601F0AAFBFE
:10B1C000A46B01F0C7FBB4FA84F0400910BD70B560
:10B1D0001646026C0446856B42B906689EB9406803
:10B1E00001F0A4F866600135A56370BD6EB9806892
:10B1F00002F094FEA368226C13446268A360934239
:10B2000024BF2368A3600020EDE7C06802F086FE3B
:10B21000226CE36851429B1A2268E36093423EBF6E
:10B2200063685B18E360022EEDD10DB1013DEAE7E2
:10B230002846D8E703461A6C084610B462B1DC68A9
:10B24000596814448C4228BF1968DC6028BFD96053
:10B25000D96810BC02F062BE10BC704770B50446DD
:10B2600001F058FB94F8455004F124066DB2002D0E
:10B2700014DCFF2384F8453001F06CFB01F04AFB3D
:10B2800094F8445004F110066DB2002D12DCFF2337
:10B2900084F84430BDE8704001F05CBB636A002B69
:10B2A000E7D0304600F0E6FE08B100F06BFF013D4C
:10B2B0006DB2DCE72369002BE9D0304600F0DAFEFE
:10B2C00008B100F05FFF013D6DB2DEE738B50D4615
:10B2D000044640B94FF0500383F31188BFF36F8FDA
:10B2E000BFF34F8FFEE701F015FBD4E90F314B435D
:10B2F0002268D0185B1A6060A26000201A44FF2305
:10B30000A063E26084F8443084F84530A5B923692D
:10B3100073B104F1100000F0ADFE48B14FF0E0232E
:10B320004FF08052C3F8042DBFF34F8FBFF36F8FE0
:10B3300001F010FB012038BD04F11000FFF7FAFE08
:10B3400004F12400FFF7F6FEF2E737B50D461C4680
:10B3500040B94FF0500383F31188BFF36F8FBFF3F1
:10B360004F8FFEE743B94FF0500383F31188BFF3CB
:10B370006F8FBFF34F8FFEE74AB191B94FF0500383
:10B3800083F31188BFF36F8FBFF34F8FFEE741B197
:10B390004FF0500383F31188BFF36F8FBFF34F8FCC
:10B3A000FEE750230193019B502B08D04FF0500330
:10B3B00083F31188BFF36F8FBFF34F8FFEE7012137
:10B3C000002D08BF2246C4E90F0584F84610204628
:10B3D0002260FFF77BFF20469DF8183084F84C3040
:10B3E00003B030BD2DE9FF410F461E4604460192D1
:10B3F00040B94FF0500383F31188BFF36F8FBFF351
:10B400004F8FFEE751B9036C43B14FF0500383F304
:10B410001188BFF36F8FBFF34F8FFEE7022E0BD162
:10B42000E36B012B08D04FF0500383F31188BFF377
:10B430006F8FBFF34F8FFEE700F068FF054630B314
:10B4400000254FF0000801F065FAA26BE36B9A4209
:10B4500001D3022E27D1324639462046FFF7B7FEE8
:10B46000636A1BB104F1240000F004FE48B14FF000
:10B47000E0234FF08052C3F8042DBFF34F8FBFF38A
:10B480006F8F01F067FA012004B0BDE8F081019BE5
:10B49000002BD6D04FF0500383F31188BFF36F8F8A
:10B4A000BFF34F8FFEE7019B1BB901F053FA002059
:10B4B000EAE715B902A800F01DFE01F04BFA00F012
:10B4C000BDFB01F027FA94F84430FF2B08BF84F845
:10B4D000448094F84530FF2B08BF84F8458001F084
:10B4E00039FA01A902A800F011FE38BB01F012FAE6
:10B4F000A26BE36B9A420ED101F02CFA019904F190
:10B50000100000F07DFD2046FFF7A8FE00F042FC91
:10B5100048B1012597E701F01DFA2046FFF79EFE8E
:10B5200000F038FCF5E74FF0E0234FF08052C3F80D
:10B53000042DBFF34F8FBFF36F8FEAE72046FFF76D
:10B540008DFE00F027FCB2E72DE9F8438946174647
:10B550001E46044640B94FF0500383F31188BFF3F1
:10B560006F8FBFF34F8FFEE751B9036C43B14FF0BC
:10B57000500383F31188BFF36F8FBFF34F8FFEE744
:10B58000022E0BD1E36B012B08D04FF0500383F355
:10B590001188BFF36F8FBFF34F8FFEE701F092FA70
:10B5A000EFF311884FF0500383F31188BFF36F8FCF
:10B5B000BFF34F8FA26BE36B9A4201D3022E1DD1D2
:10B5C00094F845503246494620466DB2FFF7FFFDDC
:10B5D0006B1C0ED1636A3BB104F1240000F04AFDFC
:10B5E00010B10FB101233B60012088F31188BDE841
:10B5F000F88301356DB284F84550F5E70020F4E793
:10B600002DE9FF410E460446019240B94FF0500328
:10B6100083F31188BFF36F8FBFF34F8FFEE751B9EC
:10B62000036C43B14FF0500383F31188BFF36F8F66
:10B63000BFF34F8FFEE700F069FE054618B3002503
:10B640004FF0000801F066F9A76B47B3314620467A
:10B65000013FFFF7EFFDA763236973B104F1100009
:10B6600000F008FD48B14FF0E0234FF08052C3F8DE
:10B67000042DBFF34F8FBFF36F8F01F06BF90120E3
:10B6800004B0BDE8F081019B002BD9D04FF05003EE
:10B6900083F31188BFF36F8FBFF34F8FFEE7019BDA
:10B6A0001BB901F057F90020EAE715B902A800F02C
:10B6B00021FD01F04FF900F0C1FA01F02BF994F8E7
:10B6C0004430FF2B08BF84F8448094F84530FF2BAA
:10B6D00008BF84F8458001F03DF901A902A800F0F7
:10B6E00015FD00BB2046FFF767FDB0B1019904F1DD
:10B6F000240000F085FC2046FFF7B0FD00F04AFB77
:10B7000048B94FF0E0234FF08052C3F8042DBFF347
:10B710004F8FBFF36F8F012594E72046FFF79EFD03
:10B7200000F038FBF7E72046FFF798FD00F032FB0A
:10B730002046FFF741FD0028EDD0B4E770B5044680
:10B740000D46164601F0E6F894F84430FF2B04BF8E
:10B75000002384F8443094F84530FF2B04BF0023C5
:10B7600084F8453001F0F6F8A36B2BB93246294630
:10B7700004F1240000F05EFC2046BDE87040FFF7B5
:10B780006DBD00002DE9F041044601F0C3F82F4BD8
:10B790002F4E1A682F4F01321A603568002D49D19B
:10B7A00034601B68012B1CD1B84640460135FFF7B9
:10B7B000C1FC382D08F11408F7D1DFF89C80274D23
:10B7C0004046FFF7B7FC2846FFF7B4FC2448FFF7D4
:10B7D000B1FC2448FFF7AEFC234BC3F80080234B99
:10B7E0001D601420224A136801331360214AC4F8F3
:10B7F00038311168E36A8B4200FB037004F10401E5
:10B8000088BF1360FFF7A4FC01F0A4F81A4B1B6873
:10B8100073B13368DA6AE36A9A4209D24FF0E023DF
:10B820004FF08052C3F8042DBFF34F8FBFF36F8FDB
:10B83000BDE8F081104B1A68E36A002AD1D1326862
:10B84000D26A9A4298BF3460CBE700BFA83000208C
:10B850006435002004310020F0300020DC3000206E
:10B86000C0300020AC300020D8300020D430002080
:10B870008C300020A03000209C300020F8B5064617
:10B88000144B154D1C6828680F460430FFF782FCE6
:10B89000731C07D137B1296810480431BDE8F8405E
:10B8A000FFF756BC2B68A4195C6007D30C4B1868D3
:10B8B0002968BDE8F8400431FFF755BC094B18680A
:10B8C00029680431FFF74FFC074B1A68A24288BF72
:10B8D0001C60F8BDA430002064350020AC3000208E
:10B8E000D4300020D83000208830002008B501F086
:10B8F00001FDFCE7064A13681968064B19B94FF0B9
:10B90000FF321A6070471268D268D2685268F8E74E
:10B91000D8300020883000202DE9F0470D46DDE9C1
:10B920000994960032460746A521206B984602F0FE
:10B93000C3FA236B043E334423F0070AC4F834A14E
:10B940006B1E04F13302FE3513F8011F02F8011FCC
:10B9500009B1AB42F8D1089E0025372E28BF372603
:10B96000201DC4E95065E66284F83251FFF7EDFB13
:10B97000C6F1380604F11800FFF7E7FB4C22294610
:10B98000C4F89C51C4E952552461A661646284F8EC
:10B99000A05104F5A87002F08FFA0B4B394603F161
:10B9A0006802C4F85431D033C4F858215046424696
:10B9B000C4F85C3100F088FF2060B9F1000F01D0BD
:10B9C000C9F80040BDE8F087C83B002070B586B0DC
:10B9D000DDE90B5445B94FF0500383F31188BFF3F1
:10B9E0006F8FBFF34F8FFEE744B94FF0500383F3DF
:10B9F0001188BFF36F8FBFF34F8FFEE74FF4D276FE
:10BA00000596059EB6F5D27F08D04FF0500383F31C
:10BA10001188BFF36F8FBFF34F8FFEE725630225B9
:10BA200084F8A15104AD01950A9D02940095FFF799
:10BA300073FF2046FFF7A6FE049806B070BD2DE9FF
:10BA4000F043074685B0900088461646994601F0B7
:10BA50008DF8054620B94FF0FF3005B0BDE8F08302
:10BA60004FF4D27001F082F8044698B1002380F8B8
:10BA7000A1310D9B056301930C9B32464146029018
:10BA8000009338464B46FFF747FF2046FFF77AFE04
:10BA90000120E2E7284601F0CBF8DCE738B50446A0
:10BAA00040B94FF0500383F31188BFF36F8FBFF39A
:10BAB0004F8FFEE70F4B1B68834215D000F02AFF23
:10BAC000656900F047FF0C4B1B68AB420ED00B4B77
:10BAD0001B68AB420AD00A4B9D4209D1A36A002BD6
:10BAE00014BF0220032038BD0020FCE70220FAE743
:10BAF0000120F8E764350020D8300020D430002041
:10BB0000AC30002070B5044640B94FF0500383F3C9
:10BB10001188BFF36F8FBFF34F8FFEE7194D2B686E
:10BB200083422ED000F0F6FE6269174B9A4224D170
:10BB3000A36A164A934220D0FBB9261D3046FFF770
:10BB400029FB1420124AE36A11688B4288BF1360F4
:10BB5000104A314600FB0320FFF7FAFA2B68E26A2D
:10BB6000DB6A9A4209D34FF0E0234FF08052C3F8CA
:10BB7000042DBFF34F8FBFF36F8FBDE8704000F00F
:10BB8000E9BE70BD64350020AC300020C03000201C
:10BB9000A03000200431002010B5002488B007AA8E
:10BBA00006A905A8CDE90544FFF7ACFA059B079A5D
:10BBB0000293069B1A49CDE900431A482346FFF732
:10BBC00005FF58B300F044FC01281CD14FF050038E
:10BBD00083F31188BFF36F8FBFF34F8F124B134A5C
:10BBE0001B6803F5A87313604FF0FF32104B1A6007
:10BBF000104B1860104B1C6001F06CFB08B0BDE8E6
:10BC0000104000F007BF013008D14FF0500383F31C
:10BC10001188BFF36F8FBFF34F8FFEE708B010BDE1
:10BC2000B8E20008EDB80008643500207C0100206F
:10BC3000883000209C300020A4300020024A136885
:10BC400001331360704700BF84300020014B186837
:10BC5000704700BFA43000202DE9F74F424B1B680E
:10BC6000002B77D1414B1C6801341C60BCB9404BA0
:10BC70001A68126842B14FF0500383F31188BFF382
:10BC80006F8FBFF34F8FFEE73A4A1968106818604C
:10BC90001160394A136801331360FFF72BFE374DEB
:10BCA0004FF0000B2B68364EA342364F16D91421A5
:10BCB0003A68D26A4A43B258022A334A28BF4FF040
:10BCC000010B12680AB901F02FFB304A1268002AF2
:10BCD0000CBF5846012003B0BDE8F08FDFF890900C
:10BCE000DFF8ACA0D9F8002012681AB94FF0FF3283
:10BCF0002A60DCE7D9F80020D268D2F80C80D8F8A6
:10BD000004108C4201D22960D1E708F104031846DF
:10BD10000193FFF73FFAD8F8281019B108F118007D
:10BD2000FFF738FA1423D8F82C00DAF8001088420C
:10BD300088BFCAF8000008F1040103FB0060FFF7A8
:10BD400007FA3868D8F82C10C26A914228BF4FF021
:10BD5000010BC7E70C4A4FF0000B13680133136067
:10BD600001F0E2FAB1E700BF84300020A4300020E7
:10BD7000D8300020D43000209030002088300020BF
:10BD800004310020643500209830002094300020D9
:10BD9000A03000202DE9F041304C236843B94FF02A
:10BDA000500383F31188BFF36F8FBFF34F8FFEE70C
:10BDB00000F0B0FD2368013B236024682CB100240F
:10BDC00000F0C8FD2046BDE8F081254B1B68002B24
:10BDD000F5D0244D244EDFF894801DE0EB68DC683C
:10BDE000271D04F11800FFF7D5F93846FFF7D2F9FF
:10BDF0001420E36A326800FB03809342394688BF0F
:10BE00003360FFF7A5F91A4BE26A1B68DB6A9A42B6
:10BE100002D30122174B1A602B68002BDED10CB124
:10BE2000FFF768FD144D2C6844B10127114EFFF750
:10BE300013FF00B13760013CF9D12C600D4B1B683A
:10BE4000002BBCD04FF0E0234FF08052C3F8042DFC
:10BE5000BFF34F8FBFF36F8F0124B1E78430002011
:10BE6000A8300020C0300020A03000200431002085
:10BE7000643500209430002098300020F8B52C4B19
:10BE80001A682C4B12B101221A60F8BD1A6001F039
:10BE90002BFA294A294C1568A84206D92168D1F8FD
:10BEA0004C315B1B0344C1F84C31236810601B6BA1
:10BEB0001A68B2F1A53F0BD15A68B2F1A53F07D17C
:10BEC0009A68B2F1A53F03D1DB68B3F1A53F04D076
:10BED00020682168343101F02FFA1427184E1949CF
:10BEE000326807FB02F3CD58C818ADB14568083376
:10BEF0006D680B4445609D4204BF6B68436014232A
:10BF000003FB02114B68DB682360326023680E4A32
:10BF100003F5A8731360B8E742B94FF0500383F3F9
:10BF20001188BFF36F8FBFF34F8FFEE7013AD8E759
:10BF300084300020943000208030002064350020C0
:10BF4000A0300020043100207C01002070B50446A0
:10BF5000264D00F0DFFC04B92C68261D3046FFF7A3
:10BF600019F9A36A1BB104F11800FFF713F9314660
:10BF70001F48FFF7EDF894F8A0311E4E012B04BFC7
:10BF8000002384F8A03100F0E5FC33682BB100F009
:10BF9000C1FCFFF7AFFC00F0DDFC2B68A34217D11A
:10BFA0003368B3B1144B1B6843B14FF0500383F3B4
:10BFB0001188BFF36F8FBFF34F8FFEE74FF0E02381
:10BFC0004FF08052C3F8042DBFF34F8FBFF36F8F34
:10BFD00070BD074A1168094A1268914201D12B606D
:10BFE000F6E7BDE87040FFF749BF00BF64350020A9
:10BFF000AC3000209C30002084300020A83000208D
:10C0000010B50C4640B94FF0500383F31188BFF3CD
:10C010006F8FBFF34F8FFEE7054B19681831FFF79D
:10C02000A2F82046BDE810400121FFF727BC00BF61
:10C030006435002038B50D46144640B94FF0500322
:10C0400083F31188BFF36F8FBFF34F8FFEE7084B69
:10C0500019681831FFF77CF8002C214608BF2846E4
:10C06000BDE8384018BF4FF0FF30FFF707BC00BFF6
:10C070006435002038B5C368DC6844B94FF050031C
:10C0800083F31188BFF36F8FBFF34F8FFEE704F187
:10C0900018052846FFF77EF8104B1B68DBB9251DF5
:10C0A0002846FFF777F80E4A14201168E36A8B429E
:10C0B000294688BF13600B4A00FB0320FFF748F8AE
:10C0C000094BE26A1B68DB6A9A4285BF0120074B75
:10C0D0000020186038BD29460548EFE7843000206D
:10C0E000A03000200431002064350020943000206E
:10C0F000C0300020034B1B680360034B1B68436088
:10C10000704700BF90300020A430002070B50C466E
:10C11000054640B94FF0500383F31188BFF36F8F8A
:10C12000BFF34F8FFEE741B94FF0500383F31188FF
:10C13000BFF36F8FBFF34F8FFEE700F0EBFB0F4BAA
:10C14000196823685A1C10D00D482E6800686A6868
:10C15000864201D08A420FD9881A83420AD95B1AD3
:10C16000134428462360FFF7C5FF002400F0F2FBCC
:10C17000204670BD002323600124F7E7A43000208F
:10C18000903000200122014B1A607047943000204B
:10C1900070B50D461646044608B91C4A146804F1E9
:10C1A00034022C606A60E26A052B2A61226BEA6124
:10C1B000D4F83821AA60D4F840216A61D4F84C211F
:10C1C000AA611BD0114A1268A2420BD100232B7323
:10C1D00036B10022216B8B5CA52B14D0C2F38F06E5
:10C1E0002E8470BD032B2B73F2D1FFF727FDA36ABA
:10C1F0000BB102232B73FFF7CDFDE9E72046FFF7D4
:10C200004DFC2873E4E70132E5E700BF6435002008
:10C210002DE9F84F0D6806460C4617462DB300254C
:10C220004FF0240B4B6801F108085B6843454B60F5
:10C2300004BFCB684B604B68D3F80CA063680BFB62
:10C2400005615B6801226360984508BFD8F8043037
:10C2500005F1010508BF63606368D3F80C903B46A5
:10C260004846FFF795FFCA45E8D12846BDE8F88F54
:10C270002DE9F0471646FFF7E1FC1F4B05461B680A
:10C280008B4236D84FF0380800244FF0140A242788
:10C29000DFF8689008F1FF3807FB045001220AFB21
:10C2A0000891FFF7B5FF0444B8F1000FF2D1144B29
:10C2B00007FB045019680222FFF7AAFF114B044440
:10C2C00007FB045019680222FFF7A2FF044407FB92
:10C2D000045003220C49FFF79BFF05462EB92C445E
:10C2E000FFF758FD2046BDE8F08700F0FDFF306005
:10C2F000F5E70024F4E700BFA83000200431002057
:10C30000D8300020D4300020AC300020054B1B6812
:10C3100033B1054B1868B0FA80F04009400070470F
:10C32000012070479C3000208430002038B508B9C7
:10C33000002038BD1D4B1C68844208D04FF05003CC
:10C3400083F31188BFF36F8FBFF34F8FFEE7D4F8ED
:10C35000443143B94FF0500383F31188BFF36F8F1B
:10C36000BFF34F8FFEE7E16AD4F84021013B9142D1
:10C37000C4F84431DCD0002BDAD1251D2846FEF765
:10C3800009FF1420D4F84031C3F13802A261084AF1
:10C39000E36211688B4288BF1360064A294600FB9E
:10C3A0000320FEF7D5FE0120C3E700BF643500205F
:10C3B000A030002004310020914208B541600061A6
:10C3C0000AD8D21A83699A420DD2084B011D186807
:10C3D000FEF7C9FE002008BD9A4201D2994202D25E
:10C3E000034B011DF3E70120F5E700BF3C360020B9
:10C3F00040360020F7B50F4C00F08CFA25689DB947
:10C400000D4F0E4E3846FEF795FE3046FEF792FE73
:10C410000B4B0C211F600B4B0A201E600A4A0B4B72
:10C420000095FEF792FF206003B0BDE8F04000F0F9
:10C4300091BA00BF3836002058360020443600201C
:10C44000403600203C360020B835002068350020FA
:10C4500010B588B0FFF7CEFF124B1B68B3B10024B4
:10C4600007AA06A905A8CDE90544FEF757FE059BD6
:10C47000079A0293069B0C49019335230B480093BE
:10C480002346FFF7A3FA0A4B186040B94FF0500358
:10C4900083F31188BFF36F8FBFF34F8FFEE7012047
:10C4A00008B010BD38360020BDE2000871C6000893
:10C4B000343600202DE9F041804630200D461746E5
:10C4C0001E4600F053FB0446C0B145B94FF050037F
:10C4D00083F31188BFF36F8FBFF34F8FFEE7FFF732
:10C4E00089FF069BC4E906576362C4F80080266290
:10C4F000201DFEF72AFE002384F82C302046BDE8DC
:10C50000F0812DE9F3411E4630230193019B8046C3
:10C51000302B0D461746099C08D04FF0500383F38B
:10C520001188BFF36F8FBFF34F8FFEE744B94FF011
:10C53000500383F31188BFF36F8FBFF34F8FFEE774
:10C5400041B94FF0500383F31188BFF36F8FBFF3EE
:10C550004F8FFEE7FFF74EFF089B201D6362C4E983
:10C560000657C4F800802662FEF7EFFD012320463F
:10C5700084F82C3002B0BDE8F08100007FB516468B
:10C5800004461A4640B94FF0500383F31188BFF3B5
:10C590006F8FBFF34F8FFEE70C4D286878B10529E8
:10C5A000CDE9011603940CDCFFF7B0FE002302284E
:10C5B00014BF1A46089A286801A9FEF713FF04B0B1
:10C5C00070BD002301A9FEF7BFFFF8E73836002051
:10C5D0002DE9F3470646FFF739FBDFF8888005466B
:10C5E000D8F80030834209D91F4F3B681A686AB9EE
:10C5F0001E4A116813603960012300E000232846B9
:10C600003360C8F8005002B0BDE8F087DB68DC6832
:10C61000D3F8009004F1040A5046FEF7BBFD636AAC
:10C6200020469847E369012BDFD1A3694B44994524
:10C6300006D25146386863602461FEF794FDD4E762
:10C6400000234A46194620460093FFF797FF00282B
:10C65000CBD14FF0500383F31188BFF36F8FBFF33B
:10C660004F8FFEE730360020403600203C36002059
:10C670002DE9F043644E654F87B033681D68002D87
:10C6800033D0DB68D3F80080FFF7D8FA03A8FFF7B0
:10C690009FFF039C8146002C75D1002D58D040454A
:10C6A0005CD3FFF777FB3368DB68DD68281DFEF796
:10C6B00071FDEB69012B1AD1A96943464A46284608
:10C6C0004144FFF779FE90B1234642462146284671
:10C6D0000094FFF753FF50B94FF0500383F31188D4
:10C6E000BFF36F8FBFF34F8FFEE7A846CCE7284616
:10C6F0006B6A98470022386803A9FEF781FF00287B
:10C70000BBD0039B002BF5DB059C636913B1201D97
:10C71000FEF740FD02A8FFF75BFF039B0246092BD3
:10C72000E8D801A151F823F08DC700088DC7000893
:10C730008DC70008F5C60008D1C70008F5C7000876
:10C740008DC700088DC70008F5C60008D1C70008CE
:10C750002F4B1B681C68B4FA84F4640922463868BD
:10C76000A8EB0901FEF7EAFFFFF714FB0028C1D18F
:10C770004FF0E0234FF08052C3F8042DBFF34F8FEA
:10C78000BFF36F8FB6E7FFF705FBB3E7A169049B23
:10C7900020461944FFF710FE0028ABD0636A2046FC
:10C7A0009847E369012BA5D10023A269049920468B
:10C7B0000A4400931946FFF7E1FE00289AD14FF092
:10C7C000500383F31188BFF36F8FBFF34F8FFEE7E2
:10C7D0000499A16141B94FF0500383F31188BFF36D
:10C7E0006F8FBFF34F8FFEE7034601442046FFF7EC
:10C7F000E3FD7FE794F82C30002B7FF47BAF2046DD
:10C8000000F016FA76E700BF4036002038360020E8
:10C810003C36002010B5044640B94FF0500383F376
:10C820001188BFF36F8FBFF34F8FFEE700F072F8F0
:10C830006469003C18BF012400F08CF8204610BD4C
:10C8400010B5044640B94FF0500383F31188BFF38D
:10C850006F8FBFF34F8FFEE700F05CF8246A00F0A3
:10C8600079F8204610BD000006480068006880F393
:10C87000088862B661B6BFF34F8FBFF36F8F00DFDA
:10C8800000BF000008ED00E0002382B001930D4BD3
:10C890001B68013308D04FF0500383F31188BFF3B6
:10C8A0006F8FBFF34F8FFEE74FF0500383F3118874
:10C8B000BFF36F8FBFF34F8F019B002BFCD002B0F3
:10C8C000704700BF740100204FF0807340F8043CB3
:10C8D000054B21F0010140F8081C40F80C3C40F8E1
:10C8E000202C4038704700BF89C8000800000000B5
:10C8F000074B19680868B0E8F00F80F30988BFF3A8
:10C900006F8F4FF0000080F311884EF00D0E7047CE
:10C91000643500204FF0500383F31188BFF36F8F0D
:10C92000BFF34F8F0A4A13680133012B13600ED1F6
:10C930004FF0E023D3F8043DDBB243B14FF0500396
:10C9400083F31188BFF36F8FBFF34F8FFEE77047FC
:10C9500074010020084A136843B94FF0500383F371
:10C960001188BFF36F8FBFF34F8FFEE7013B13605A
:10C970000BB983F311887047740100200000000098
:10C98000EFF30980BFF36F8F0D4B1A6820E9F00FAA
:10C9900010602DE908404FF0500080F31188FFF738
:10C9A0006DFA4FF0000080F31188BDE80840196867
:10C9B0000868B0E8F00F80F30988BFF36F8F704705
:10C9C0006435002008B54FF0500383F31188BFF39E
:10C9D0006F8FBFF34F8FFFF73FF928B14FF0E02380
:10C9E0004FF08052C3F8042D002383F3118808BD53
:10C9F0004FF0E02200234FF47A7113619361044BEE
:10CA00001B68B3FBF1F3013B5361072313617047CC
:10CA10007801002013B5274B1A78D2B20192FF2279
:10CA20001A701B78244ADBB28DF803309DF803306E
:10CA300003F0500313700723204A13609DF803107E
:10CA4000136809060AD4032B11D04FF0500383F367
:10CA50001188BFF36F8FBFF34F8FFEE7013B136069
:10CA60009DF803305B00DBB28DF80330E6E74FF44E
:10CA700040731360019B0F4ADBB213704FF0E02349
:10CA80000024D3F8202D42F47002C3F8202DD3F8EF
:10CA9000202D42F07042C3F8202DFFF7A9FF084B6C
:10CAA0001C60FFF7E1FEFFF7E9F92046FFF7ECFE17
:10CAB00002B010BD00E400E0703600206C360020AB
:10CAC00074010020EFF305830F2B0ED9114A9B5CF4
:10CAD000114A12789A4208D94FF0500383F3118813
:10CAE000BFF36F8FBFF34F8FFEE74FF0E0230B4A8A
:10CAF000D3F80C3D126803F4E063934208D94FF079
:10CB0000500383F31188BFF36F8FBFF34F8FFEE79E
:10CB1000704700BFF0E300E0703600206C36002064
:10CB200010B5104B1A461B688342FBD35468111989
:10CB3000884201BF416810460919516044680119D3
:10CB40008B420DD1084909688B4204D05B682344AD
:10CB50004360136819689042016018BF106010BDEF
:10CB60001946F8E784360020803600202DE9F04190
:10CB70002A4E0446336843B94FF0500383F31188BB
:10CB8000BFF36F8FBFF34F8FFEE7FFF757F8244BCC
:10CB90001F68274207D0FFF7FDF8002600F0D0FB02
:10CBA0003046BDE8F081002CF5D004F1080362079F
:10CBB0001CBF23F007030833002BECD0DFF86480A0
:10CBC000D8F800509D42E6D3174A1468616899422C
:10CBD00001D22168F9B93168A142DCD02168166818
:10CBE000116062680836D21A102A04D9E01842602F
:10CBF0006360FFF795FF00230C4962680868AD1A6F
:10CC00001743854267602360C8F8005038BF0D6045
:10CC1000FFF7C0F8C4E722460C46D7E7803600206D
:10CC2000743600207C3600208436002078360020C0
:10CC300010B5044670B3184A50F8043C1268134209
:10CC400008D14FF0500383F31188BFF36F8FBFF308
:10CC50004F8FFEE750F8081C41B14FF0500383F3AB
:10CC60001188BFF36F8FBFF34F8FFEE723EA0203F4
:10CC700040F8043CFEF7E2FF084A54F8043C11680F
:10CC8000A4F108000B441360FFF74AFFBDE8104011
:10CC9000FFF780B810BD00BF743600207C3600203E
:10CCA0002DE9F043374E3268002A5DD04FF0500333
:10CCB00083F31188BFF36F8FBFF34F8FFEE750F8F8
:10CCC000341011F0070F07D001F1070929F0070907
:10CCD0000B444946A3EB09034CBBC7E900140B44C2
:10CCE000083B23F00703A3EB0108C3E900CCC1E92B
:10CCF000003802B111604A684FF0010815441A4625
:10CD000001345EF83430002BD9D1B8F1000F00D0D7
:10CD100032601D4B1D601D4B1D606DBB4FF05003FD
:10CD200083F31188BFF36F8FBFF34F8FFEE762B9B4
:10CD3000B8F1000F00D032604FF0500383F3118838
:10CD4000BFF36F8FBFF34F8FFEE78A42C7D3B8F1AF
:10CD5000000F00D032604FF0500383F31188BFF30F
:10CD60006F8FBFF34F8FFEE79046144615469446EB
:10CD7000074F00F1040EC4E74FF00042054B1A6064
:10CD8000BDE8F08380360020783600207C36002015
:10CD9000843600207436002030B58BB01822002174
:10CDA00004A801F089F83148314A002302604FF4A9
:10CDB0008072CDE901330393826003734FF46022E4
:10CDC000037543600523C2610361FBF791FC08B161
:10CDD00000F006FD274B40F6FF71049340F24C43F0
:10CDE0000124CDE907130423204804A905938DF8F5
:10CDF0001840FBF761FB08B100F0F2FC07231B4869
:10CE000001A9CDE901440393FBF7D4FA08B100F07E
:10CE1000E7FC0223154801A9CDE90133FBF7CAFA63
:10CE200008B100F0DDFC0425032310480DEB0501DB
:10CE3000CDE90153FBF7BEFA08B100F0D1FC05249F
:10CE40000A4801A9CDE90145FBF7B4FA08B100F0A1
:10CE5000C7FC1023054801A9CDE90134FBF7AAFA64
:10CE600008B100F0BDFC0BB030BD00BFD0360020D3
:10CE7000002401400002800030B5054687B0102232
:10CE8000002102A801F018F82A681D4B9A4235D1FA
:10CE900003F56C439A691B4842F400729A619A69DF
:10CEA00002A902F400720092009A9A69164C42F0AC
:10CEB00004029A619B69362203F004030193019BEB
:10CEC0000323CDE90223FCF731FD80204FF480726B
:10CED0000023C4E903024FF480620C49C4E905232E
:10CEE000C4E90013A3604FF440532046E361FCF70C
:10CEF00005FA08B100F074FC2C62656207B030BD21
:10CF000000240140000801408C3600200800024047
:10CF100010B50B4B026804469A4210D1094A3621DB
:10CF20009369094823F400739361FCF705FE206AB6
:10CF3000FCF716FABDE810401220FCF77FB910BDCF
:10CF4000002401400010024000080140062343482D
:10CF5000434A70B54FF4E021C0E900234FF40013B9
:10CF6000C0E904134FF001330024836140F2011340
:10CF70008AB0C0E902448383FBF78CFD08B100F05E
:10CF80002FFC0D2301254FF6E076CDE905344EF256
:10CF9000400369463148CDE90034CDE90264079584
:10CFA00004950895FBF734FE0A23CDE905344FF4C8
:10CFB000206369462948CDE90034CDE9026407952C
:10CFC00004940895FBF724FE0923CDE9053447F6C0
:10CFD000E07369462148CDE90034CDE90264079544
:10CFE00004940895FBF714FE0823CDE905344FF4AB
:10CFF000784369461948CDE90034CDE902640795C4
:10D0000004940895FBF704FE0723CDE905344FF49B
:10D01000975369461148CDE90034CDE9026407957C
:10D0200004940895FBF7F4FD0623CDE9053444F29A
:10D03000400369460948CDE90034CDE9026407950B
:10D0400004940895FBF7E4FD0448FBF758FE48F606
:10D0500036710248FBF78EFF0AB070BD1C37002006
:10D060000064004010B5044686B01022002102A8DA
:10D0700000F022FF2268164B9A4227D103F5D633DF
:10D08000DA69144842F00072DA61DA6902A902F042
:10D0900000720092009A9A6942F004029A619B69B8
:10D0A00003F004030193019B4FF4006302930123F7
:10D0B0000493FCF73BFC4FF480510223CDE90213AB
:10D0C0000323044802A90593FCF730FC06B010BD09
:10D0D000006400400008014008B50548054B0360A6
:10D0E000FCF7CCF818B1BDE8084000F079BB08BDEA
:10D0F00080370020003002400268084B82B09A421C
:10D100000AD1A3F500535A6942F040025A615B69A3
:10D1100003F040030193019B02B0704700300240CE
:10D120000268044B9A4201BF034A536923F040034B
:10D13000536170470030024000100240064B82B03D
:10D140005A6942F001025A615B6903F001030193DD
:10D15000019B02B0704700BF0010024008B5FAF70B
:10D1600065FFF8F765FA0020FEF7F0FEF7E700002C
:10D170002DE988484FF000084FF0000B284E24217D
:10D18000284BDFF8A4901C68DFF8A0A001341C60D5
:10D19000274B1A78274B01FB02339869F7F78EF873
:10D1A000D9F800100746F6F7D7FF234B054618605D
:10D1B00033689BB14146F7F76DFA78B93068F7F7F5
:10D1C0007DF801462846F7F785F91C49F7F7CEF8B0
:10D1D00001461A48F6F7C0FFCAF80000184DDAF801
:10D1E00000102868F6F7BAFF0C22B4FBF2F302FB3A
:10D1F00013432860C6F800B0C9F800705BB954B199
:10D200001049F7F767F9104B1860F7F78BFA0F4BD7
:10D21000C5F8008018700020FEF798FEAFE700BF49
:10D22000A0370020C8380020BC380020B4380020C7
:10D23000D4380020B4370020B83800200000C8429D
:10D24000B038002000004041C0380020C438002021
:10D2500008B5F7F787FA0020FEF778FEF9E708B57A
:10D26000FAF788F80020FEF771FEF9E708B5114AD1
:10D270001368013313605A0704D11BB10E4B1868B1
:10D28000FEF740FC0D4B1B78022B04D805220C49FD
:10D290000C48FBF777F90C4B1868FEF733FC0B4B87
:10D2A0001868FEF72FFC0A4B1868BDE80840FEF727
:10D2B00029BC00BF88370020903700205D01002086
:10D2C000EC380020D0360020983700209C37002012
:10D2D000943700200022024B02481A60FDF786B9FD
:10D2E000A0370020AC390020014B1868704700BF00
:10D2F000A037002008B5084A0848D2E900310133B8
:10D3000041F10001C2E900310721054AFEF7B0FFF3
:10D31000044B186008BD00BFA8370020B4370020B8
:10D32000CC380020B0370020024A13680133136064
:10D33000704700BFD0380020CB210846FAF780BCE8
:10D34000CC210846FAF77CBC10B5154B0022012110
:10D350001448FDF741FE144C00212060134A144884
:10D36000FDF7DEFD134B00211860134A1348FDF74B
:10D37000D7FD134B00211860124A1348FDF7D0FD6A
:10D38000124B00211860124A1248FDF7C9FD124BDA
:10D39000052118602068BDE81040FDF75DBE00BFA4
:10D3A000F0E200086DD200088C3700206CE3000822
:10D3B0005DD100089C37002048E3000851D20008E6
:10D3C0009837002024E300085FD20008943700203B
:10D3D00000E3000871D10008903700201022F0B55A
:10D3E00089B00DEB0200002100F066FD2D4B2E4DA3
:10D3F0009A69284642F010029A619A6940F2024105
:10D4000002F010020092009A9A69032442F020026E
:10D410009A619A69012602F020020192019A9A69A2
:10D42000224F42F004029A619A6902F004020292C9
:10D43000029A9A6942F008029A619B69002203F0FD
:10D4400008030393039BFCF7EBFB4FF4604304A931
:10D450001748CDE90434FCF769FA0023384604A9DB
:10D46000CDE904630693FCF761FA48F2C8633846D5
:10D4700004A9CDE90434FCF759FA4FF6FD332846E8
:10D4800004A9CDE90434FCF751FA40F20243CDE996
:10D4900004360223284604A9CDE90634FCF746FAEF
:10D4A00009B0F0BD00100240000C0140000801402E
:10D4B0000010014008B500230748084AC0E90023CE
:10D4C00040F6FF738360FCF7B0FB18B1BDE808407D
:10D4D00000F086B908BD00BFD838002000300040F9
:10D4E000894B2DE9F74FD3F800B0884B884C1B6867
:10D4F000A088019340F241439842DFF818A218D85F
:10D50000854B19780129CDB213D100221A70F6F794
:10D51000D9FE5946F6F72AFF0199F6F71FFEF7F7ED
:10D5200001F92A46AAF800004FF480617B48FCF715
:10D5300077FB7B4B1888F6F7C5FE7A4B05461888B3
:10D54000F6F7C0FE06466088F6F7B8FE2946F6F7FD
:10D55000C1FF3146F6F70AFF8046E088F6F7AEFED7
:10D560002946F6F7B7FF7049F6F700FF07466F4BFD
:10D570001868F6F7A3FE3946F6F7F8FE39468146F5
:10D580006B48F6F7E9FD01464846F6F7A3FF074664
:10D590002089F6F793FE2946F6F79CFF3146F6F709
:10D5A000E5FE002105463846F7F79CF8614E50B17C
:10D5B000614B1868F6F782FE01463846F6F78AFF97
:10D5C00000F0BAFC30605D4B1868F6F777FE014654
:10D5D0003068F6F77FFF5A4B064619684FF07E50C9
:10D5E000F6F778FF01463046F6F7B8FD01464FF0F2
:10D5F0007E50F6F76FFF0646A088F6F763FE5946A1
:10D60000F6F7B4FE0199F6F7A9FD81462088F6F7F2
:10D6100059FE4C4B1968F6F7A9FE4B4B1968F6F703
:10D620009DFD4A4B834619684046F6F795FD484BE9
:10D63000DFF820811968F6F799FE474AD8F800709C
:10D640001368394601930446F6F786FD0199F6F70B
:10D650008DFE3946F6F782FDC8F80000DFF8FC8041
:10D660000746D8F800102046F7F73CF808B1C8F88C
:10D67000004038463A49F6F72DFF3A4B38491860D2
:10D680002046F6F727FF384B18602046F7F74AF890
:10D69000364B18604846F7F745F8AAF80000584698
:10D6A000F7F740F8324B29461880324B324D186854
:10D6B000F6F752FD314B1968F6F70CFF304B19683D
:10D6C000F6F74CFD2F4B2F68196804463046F6F7E5
:10D6D00043FD3946F6F740FD0199F6F747FE394616
:10D6E000F6F73CFD2860284D20462E683146F6F7B7
:10D6F00033FD0199F6F73AFE3146F6F72FFD286023
:10D7000003B0BDE8F08F00BF30E200082CE2000853
:10D71000EC38002032000020E9020020000C01401B
:10D7200040E2000842E20008333353403CE2000884
:10D730000000A040E838002028E2000824E20008A9
:10D7400020E2000838E2000834E2000804E20008A1
:10D7500008E20008E43800200CE20008740200200F
:10D7600000007A447002002078020020BC020020F1
:10D77000300000201CE200087C02002018E20008B3
:10D7800014E2000810E200086C020020C36A83B1B2
:10D790004FF6FF737D21074A08461360064A13803F
:10D7A000064A1380064B074A1360074A1360FAF7CC
:10D7B00047BA7047BC020020320000203000002031
:10D7C00000FF7F477C0200206C0200200268034BB0
:10D7D0009A4201D1FAF71EBD704700BF0008004011
:10D7E000C4210846FAF72CBA10B594B010220021D3
:10D7F0000CA800F061FB142200210DEB020000F0E8
:10D800005BFB1022002101A800F056FB02244FF41C
:10D81000803309210122CDE90A13CDE911434FF4E8
:10D82000E0130AA80E9210921393FCF7A5FA08B120
:10D83000FFF7D6FF0F234FF48062CDE905340023B4
:10D84000022105A8CDE907320993FCF751FC08B184
:10D85000FFF7C6FF022301934FF4004301A803938F
:10D86000FCF724FD08B1FFF7BBFF14B010BD0000AA
:10D8700037B50024FAF7BCFC6A4B6B4DCDE9004389
:10D88000FFF7B2FFFFF7AAFDFFF758FCFFF784FA96
:10D8900000F0A0FAFFF75AFBFFF71EFC00F006FAB3
:10D8A000FFF708FE00F0CEF9224607211320FBF710
:10D8B00087FC1320FBF7B4FC224608211420FBF759
:10D8C0007FFC1420FBF7ACFC224607211520FBF758
:10D8D00077FC1520FBF7A4FC22460B211620FBF752
:10D8E0006FFC1620FBF79CFC22460F210520FBF75E
:10D8F00067FC0520FBF794FC22460F210420FBF770
:10D900005FFC0420FBF78CFC224607210120FBF77B
:10D9100057FC0120FBF784FC22460A210B20FBF771
:10D920004FFC0B20FBF77CFC22460F211B20FBF752
:10D9300047FC1B20FBF774FC22460F211A20FBF743
:10D940003FFC1A20FBF76CFC22460F211920FBF745
:10D9500037FC1920FBF764FC22460F211820FBF747
:10D960002FFC1820FBF75CFC224609211220FBF754
:10D9700027FC1220FBF754FC224605211C20FBF754
:10D980001FFC1C20FBF74CFC224605211D20FBF749
:10D9900017FC1D20FBF744FC21462846FDF764F9DF
:10D9A00040F202222B6868465A63FCF76FF9FCF7D5
:10D9B000A7F91E48FAF7AAFF1D4D1C48FAF7EEFF1B
:10D9C00005221C491948FAF7DDFD6B6A1B010CD5CD
:10D9D00040222146184800F06FFA6B6A43F000635A
:10D9E0006B626B6A43F080736B620423134A1449C1
:10D9F00012F8014B11F8010B84420ED04022002195
:10DA00000D4800F059FAFAF77BF862B6FDF744FAD0
:10DA1000FFF79AFCFDF764FAFEE7013B13F0FF0302
:10DA2000E6D1F0E702000100143B0020D0360020D0
:10DA300000100240EC380020C04F0020E64F0020CC
:10DA40004500002007B5114B0F219A696FF00100C6
:10DA500042F001029A619A6902F001020092009A72
:10DA6000DA6942F08052DA61DB69002203F0805308
:10DA70000193019BFBF7A4FB054A536823F0E06385
:10DA800043F00073536003B05DF804FB00100240E4
:10DA900000000140FAF7BEBB70B5234B88B0DA69CD
:10DAA000054642F00402DA61DB6901A903F00403D0
:10DAB000029303A8029BFCF7DBFB069B73BBFCF7FE
:10DAC000B7FB1A4E1A4B336040F2E733F360194B41
:10DAD000B0FBF3F3013B7360002330463361B36066
:10DAE000B361FDF705F9044680B93046FCF77EFDC9
:10DAF000044658B91E20FBF793FB0F2D12D822467F
:10DB000029461E20FBF75CFB0B4B1D600E210B4AC8
:10DB10000648FCF761FE204608B070BDFCF788FBA4
:10DB20004000CEE70124F1E700100240F838002061
:10DB30000008004040420F006001002095DA000814
:10DB4000034B1A68D36823F00103D360704700BF0A
:10DB5000F8380020034B1A68D36843F00103D36000
:10DB6000704700BFF8380020012108B50846FAF7D1
:10DB700067F8FEE7022108B50846FAF761F8FEE704
:10DB8000032108B50846FAF75BF8FEE7042108B55B
:10DB90000846FAF755F8FEE7052108B50846FAF7F2
:10DBA0004FF8FEE77047002108B50846FAF748F835
:10DBB000BDE80840FCF7D2B8FBF72ABD704700006B
:10DBC0000148FBF763BC00BF8C3600200148FAF720
:10DBD00080BB00BFD03600200148FBF7DCB900BF96
:10DBE0001C370020FFF7F8BFFFF7F6BFFFF7F4BFC1
:10DBF0000148FCF73EBD00BF143B0020FFF7F8BF13
:10DC0000FFF7F6BFFFF7F4BF08B5F9F7E5FFBDE88A
:10DC100008400148FCF72DBD603A0020034A044843
:10DC2000136801331360FCF724BD00BFA037002048
:10DC3000AC3900200148FCF71CBD00BFF8380020BB
:10DC4000704700007FB51022002102A800F034F9CF
:10DC500041F61F424FF0804113480023C0E90012F3
:10DC600040F2E732CDE90033C0E9032383608361EA
:10DC7000FDF73EF808B1FFF7B3FD4FF480530A48B3
:10DC800002A90293FCF7EAFE08B1FFF7A9FD002301
:10DC900069460548CDE90033FDF796F808B1FFF76E
:10DCA0009FFD07B05DF804FB603A00207FB51022AD
:10DCB000002102A800F000F963221448144900234F
:10DCC000C0E9001240F2E732CDE90033C0E9032396
:10DCD00083608361FDF70CF808B1FFF781FD4FF415
:10DCE00080530A4802A90293FCF7B8FE08B1FFF777
:10DCF00077FD002369460548CDE90033FDF764F858
:10DD000008B1FFF76DFD07B05DF804FBAC390020EA
:10DD1000000400400268084B82B09A420AD103F521
:10DD200064439A6942F400629A619B6903F4006358
:10DD30000193019B02B07047002C0140036882B040
:10DD4000B3F1804F0CD103F50433DA6942F00102DC
:10DD5000DA61DB6903F001030093009B02B07047B6
:10DD6000064A9342FAD1064BDA6942F00202DA61BE
:10DD7000DB6903F002030193019BEFE7000400401D
:10DD80000010024010B5044686B01022002102A8FF
:10DD900000F092F822680D4B9A4215D103F56443C6
:10DDA0009A690B4842F004029A619B694FF48072B1
:10DDB00003F004030193019B0223CDE90223032313
:10DDC00002A90593FBF7B2FD06B010BD002C01407F
:10DDD0000008014010B5002492B01C22214603A87F
:10DDE000CDE9014400F068F8214620220AA800F09D
:10DDF00063F8012320482149C0E90544C0E9001324
:10DE000040F203438460C0E90334FCF7A7FF08B184
:10DE1000FFF7E6FC184801A9CDE90144FCF7D4FF5F
:10DE200008B1FFF7DDFC0024602240F20223124813
:10DE3000CDE9032303A92246CDE90544CDE90744F2
:10DE40000994FCF79DFD08B1FFF7CAFC4FF400539D
:10DE500009480AA9CDE90A44CDE90C440E940F9370
:10DE60001194FCF7E3FF08B1FFF7BAFC0248FFF793
:10DE700089FF12B010BD00BF143B0020002C0140F0
:10DE80000368B3F1804F07D11C20094AD36923F0FE
:10DE90000103D361FBF7D2B9064A934207D102F5D9
:10DEA0000332D3691D2023F00203D361F2E77047E8
:10DEB000001002400004004003460244934200D197
:10DEC000704703F8011BF9E7014B1868704700BF62
:10DED0007C01002070B500260C4D0D4C641BA41075
:10DEE000A64209D100F082F900260A4D0A4C641BB3
:10DEF000A410A64205D170BD55F8043B98470136E1
:10DF0000EEE755F8043B98470136F2E7A8E300082E
:10DF1000A8E30008A8E30008ACE300080A44914223
:10DF200000F1FF3300D1704710B511F8014B914259
:10DF300003F8014FF9D110BD38B5044600F028F8B8
:10DF4000214605462046F6F7D7FB70B9002120464A
:10DF5000F6F7C8FB48B900212046F6F79BFB30B125
:10DF6000FFF7B2FF2223064D0360284638BDFFF7B6
:10DF7000ABFF212303600348BDE8384000F004B83C
:10DF8000000080FFBCE20008004870470000C07F2E
:10DF900030F0004201462DE9F84F06D100214FF044
:10DFA0004C40F6F797FABDE8F88F0028044603DAEC
:10DFB000F6F7D2F80021F4E7B0F1FF4F02DBF6F7F5
:10DFC000CDF8F0E7B0F5000F35DA4FF09841F6F7ED
:10DFD000CDF96FF018030446E7157F3F1F44764BD9
:10DFE000C4F31604234403F4000080F07E504FF085
:10DFF0007E51204307EBD357F6F7AEF86F4B04F191
:10E000000F0213400646002B43D10021F6F742FBD6
:10E0100098B1002F00F0CD803846F6F753F96849E3
:10E020000546F6F7A3F9674904462846F6F79EF930
:10E0300001462046C3E70023CEE763493046F6F7A2
:10E0400095F901464FF07C50F6F786F831460446C4
:10E050003046F6F78BF901462046F6F787F9044675
:10E060000FB9214678E03846F6F72CF954490746AF
:10E07000F6F77CF9054638465249F6F777F9014636
:10E080002046F6F769F83146F6F766F80146284665
:10E0900079E04FF08041F6F761F801463046F6F737
:10E0A00019FA81463846F6F70DF949468046484642
:10E0B000F6F75CF901468246F6F758F905464349FA
:10E0C000F6F754F94249F6F749F82946F6F74EF9BA
:10E0D0004049F6F743F82946F6F748F93E49F6F77E
:10E0E0003DF85146F6F742F93C4982462846F6F794
:10E0F0003DF93B49F6F732F82946F6F737F9394941
:10E10000F6F72CF82946F6F731F901465046F6F7AE
:10E1100025F8DFF8D4B00546A344C4F5571404F538
:10E12000227444EA0B04002C30DD4FF07C51304661
:10E13000F6F71CF93146F6F719F901460446284668
:10E14000F6F70CF84946F6F711F9054637B90146D6
:10E150002046F6F701F80146304614E018494046DB
:10E16000F6F704F9174907464046F6F7FFF829463F
:10E17000F5F7F4FF01462046F5F7EEFF3146F5F7D7
:10E18000EBFF01463846F5F7E7FF0CE7014630465E
:10E19000F5F7E2FF4946F6F7E9F80446002F3FF4A9
:10E1A00060AF07494046F6F7E1F8064905464046A4
:10E1B00063E70020F7E600BF20FB4A00F0FF7F0086
:10E1C0008071313FD1F71737ABAAAA3E9788173E27
:10E1D00025333A3E2549923EABAA2A3F4FD01C3EFA
:10E1E000298E633ECDCCCC3E305CCFFFF8B500BF6E
:10E1F000F8BC08BC9E467047F8B500BFF8BC08BC28
:04E200009E4670477F
:10E20400CD4C19445C8F7E410AD7A33B339388439A
:10E214000000C8419A99894000C0B24433939443A2
:10E22400781300002C300000C0890441C0890441E7
:10E23400A470AF41C089044178630100FF0FE40C6E
:10E244005000000051000000520000005300000084
:10E254005400000055000000560000005700000064
:10E2640058000000590000005A0000005B00000044
:10E274005C0000005D0000005E0000005F00000024
:10E284006000000061000000620000006300000004
:10E29400010202030405060708090A0B0C0D0E0F00
:10E2A4001010010202030405060708090A0B0C0DED
:10E2B4000E0F101049444C4500546D722053766380
:10E2C40000416C61726D356D73004350554C4F4184
:10E2D400445F4F5300514D5F4449414700514D5FE6
:10E2E4004150504C00514D5F42535700C5E2000865
:10E2F400000000000000000000000000CEE2000862
:10E304000000000000000000000000000000000009
:10E3140000020000080000000000000000000000EF
:10E32400D9E2000800000000000000000000000026
:10E3340000000000C01200001000000000000000F7
:10E3440000000000E1E200080000000000000000FE
:10E354000000000000000000000200002C0000008B
:10E364000000000000000000E9E2000800000000D6
:10E374000000000000000000000000000002000097
:10E384002D0000000000000000000000000000005C
:10E394000102030400000000000000000102030465
:04E3A4000607080957
:04E3A80035410008F3
:04E3AC001141000813
:10E3B000286B6ECE286B6E4E286B6ECE286B6E4E21
:10E3C000286B6ECE286B6E4E286B6ECE286B6E4E11
:10E3D000286B6ECE286B6E4E286B6ECE286B6E4E01
:10E3E000FFFFFFFFFFFFFF03010000000000000030
:10E3F000D0070000FF1B1BFFFF0000000000000013
:10E4000000000000000000000000000064000000A8
:10E4100050000000500000005000000050000000BC
:10E4200050000000500000005000000050000000AC
:10E43000500000005000000050000000500000009C
:10E44000500000005000000050000000500000008C
:10E45000500000005000000050000000500000007C
:10E46000000101000000000000000000600000202A
:10E4700000000000DE030020000000002402002055
:10E48000000000000000000000000000600000200C
:10E4900000000000DE030020000000002402002035
:10E4A000000000000000000000000000000000006C
:10E4B000500000000000000000000000E00100002B
:10E4C0000000000000000000480000000000000004
:10E4D000000000000000000000000000000000003C
:10E4E0000100500000000000000000000200E001F8
:10E4F00000000000000000000300480000000000D1
:10E5000000000000C8000000C8000000FF0101007A
:10E5100010000000B80D0020C42200000000000020
:10E5200000000000AAAAAAAA00127A008001002016
:10E5300000000000C83B0020303C0020983C002038
:10E5400000000000000000000000000000000000CB
:10E5500000000000000000000000000000000000BB
:10E5600000000000000000000000000000000000AB
:0CE570000000000000000000000000009F
:04000005080081A5C9
:00000001FF
